Date,LSTM_Pred,Sentiment_Score,XGB_Pred,XGB_Prob_Up,Open,High,Low,Close,Volume,DE Ratio,Return on Equity,Price/Book,Profit Margin,Diluted EPS,Beta
2021-09-03,160.08796875834463,0.4578680749558829,0,0.05106702,160.39,160.89,159.145,159.49,7961223.0,,0.174,2.098,0.351,19.76,1.09
2021-09-07,159.832588160038,0.2221742455717817,0,0.04889128,159.99,161.3814,158.96,159.21,9290968.0,,0.174,2.098,0.351,19.76,1.09
2021-09-08,159.69426799297332,0.1999456159941518,0,0.1274686,158.89,159.58,158.04,158.5,7852678.0,,0.174,2.098,0.351,19.76,1.09
2021-09-09,159.59699019432068,0.14571723333488182,1,0.64613926,158.27,160.8325,158.08,159.19,7904256.0,,0.174,2.098,0.351,19.76,1.09
2021-09-10,159.55771800518036,0.11854309586467413,0,0.012601136,160.56,160.7193,157.22,157.36,8311551.0,,0.174,2.098,0.351,19.76,1.09
2021-09-13,159.34439381837845,0.024706446705176372,1,0.92828375,158.53,160.05,158.07,159.86,10052807.0,,0.174,2.098,0.351,19.76,1.09
2021-09-14,159.24359910726545,0.029720086368602815,0,0.08613202,160.45,161.34,156.26,157.07,11685606.0,,0.174,2.098,0.351,19.76,1.09
2021-09-15,158.96152514338493,0.08914505695813851,0,0.4602714,156.72,158.69,156.47,158.16,11691485.0,,0.174,2.098,0.351,19.76,1.09
2021-09-16,158.69675438880918,0.15875670953812676,1,0.5415703,159.41,160.855,157.22,158.09,10880895.0,,0.174,2.098,0.351,19.76,1.09
2021-09-17,158.50603222608567,0.2852526268147167,0,0.3057182,157.38,159.01,157.0,157.68,25608018.0,,0.174,2.098,0.351,19.76,1.09
2021-09-20,158.0463717675209,0.6776832768895609,0,0.07794513,153.89,154.56,150.49,152.96,15819905.0,,0.174,2.098,0.351,19.76,1.09
2021-09-21,157.23118662834167,0.49666888695861905,0,0.2586643,153.53,154.55,152.5774,152.98,8999860.0,,0.174,2.098,0.351,19.76,1.09
2021-09-22,156.326120929718,0.43804878970690636,1,0.87164646,155.2,157.25,155.1,155.91,11236150.0,,0.174,2.098,0.351,19.76,1.09
2021-09-23,155.60950312376022,0.4259760652601001,1,0.99029607,158.0,161.71,157.67,161.18,12336136.0,,0.174,2.098,0.351,19.76,1.09
2021-09-24,155.93100167632102,0.2135066959927395,1,0.98622257,161.44,163.59,160.82,163.04,10102432.0,,0.174,2.098,0.351,19.76,1.09
2021-09-27,157.31415059328077,0.20905314794162083,1,0.98362917,165.0,167.4,164.61,166.98,13220871.0,,0.174,2.098,0.351,19.76,1.09
2021-09-28,159.58973363161087,0.31825275716240115,0,0.4385603,167.7,169.3,165.66,166.08,13387886.0,,0.174,2.098,0.351,19.76,1.09
2021-09-29,161.74777559399604,0.3633294578429498,0,0.24050662,166.21,166.9,165.04,165.95,7777078.0,,0.174,2.098,0.351,19.76,1.09
2021-09-30,163.1835375213623,0.42482204599401197,0,0.3178214,166.92,166.99,162.79,163.69,13168016.0,,0.174,2.098,0.351,19.76,1.09
2021-10-01,163.75600880861282,0.4087765115090512,1,0.8977837,164.0,168.3,163.6,167.13,11284976.0,,0.174,2.098,0.351,19.76,1.09
2021-10-04,164.0005514550209,0.4618741899888817,1,0.6654901,166.97,170.437,165.73,166.95,14120044.0,,0.174,2.098,0.351,19.76,1.09
2021-10-05,164.20898713350294,0.4292133640683308,1,0.89956576,167.21,170.14,166.67,168.66,12292877.0,,0.174,2.098,0.351,19.76,1.09
2021-10-06,164.8681034207344,0.5254698462717667,1,0.94595927,167.99,169.1,166.0,169.02,8692607.0,,0.174,2.098,0.351,19.76,1.09
2021-10-07,165.83575843811033,0.5385570638376812,1,0.91041577,171.2,171.51,169.54,170.09,10195443.0,,0.174,2.098,0.351,19.76,1.09
2021-10-08,166.94486367464066,0.32623450386443015,1,0.6365195,170.02,171.34,169.295,170.22,8190144.0,,0.174,2.098,0.351,19.76,1.09
2021-10-11,167.95152125120163,0.5244531753366986,0,0.023358291,170.8,171.29,166.46,166.64,12154737.0,,0.174,2.098,0.351,19.76,1.09
2021-10-12,168.34055038452146,0.4287713007817573,0,0.0408519,165.75,166.6898,164.77,165.36,13032633.0,,0.174,2.098,0.351,19.76,1.09
2021-10-13,168.0097847676277,0.3450650437557203,0,0.010832991,164.07,165.41,160.6,161.0,22753485.0,,0.174,2.098,0.351,19.76,1.09
2021-10-14,166.15287843465805,0.2896585523366901,1,0.5014549,161.75,164.01,160.06,163.47,15180727.0,,0.174,2.098,0.351,19.76,1.09
2021-10-15,164.44655457019806,0.40572142862759136,1,0.8636492,165.35,167.17,164.14,166.61,14267441.0,,0.174,2.098,0.351,19.76,1.09
2021-10-18,164.08288237571716,0.3113076530402165,1,0.80031097,166.48,168.6084,165.91,166.55,12672909.0,,0.174,2.098,0.351,19.76,1.09
2021-10-19,164.58741863727568,0.3241627244626706,1,0.9914403,167.4,168.65,166.58,168.57,8053949.0,,0.174,2.098,0.351,19.76,1.09
2021-10-20,165.47743195056916,0.1524076474325892,1,0.98670965,168.3,170.87,167.46,170.84,8185565.0,,0.174,2.098,0.351,19.76,1.09
2021-10-21,166.56635010957717,0.1523285481332793,0,0.30488303,170.755,171.3293,168.68,169.5,8415166.0,,0.174,2.098,0.351,19.76,1.09
2021-10-22,167.48210722208023,0.009817163603210177,1,0.9847195,170.03,172.09,169.7,171.78,8817895.0,,0.174,2.098,0.351,19.76,1.09
2021-10-25,168.32921420335768,0.12824760015510414,1,0.6216041,172.71,172.96,170.48,170.94,10159202.0,,0.174,2.098,0.351,19.76,1.09
2021-10-26,168.9885532283783,0.1804461546570808,1,0.5699987,171.0,172.4902,170.54,171.4,8015067.0,,0.174,2.098,0.351,19.76,1.09
2021-10-27,169.51405028820037,0.13363334714627104,0,0.030924838,170.32,170.7,167.34,167.83,9846993.0,,0.174,2.098,0.351,19.76,1.09
2021-10-28,169.49324188947676,0.18176781327663055,0,0.41346386,168.3,170.51,167.96,170.36,7212937.0,,0.174,2.098,0.351,19.76,1.09
2021-10-29,169.412610809803,0.2968839233554602,1,0.72723037,171.18,172.24,169.39,169.89,8140070.0,,0.174,2.098,0.351,19.76,1.09
2021-11-01,169.31724386692048,0.3239028105995746,0,0.1746383,172.04,172.33,169.005,169.8,7363210.0,,0.174,2.098,0.351,19.76,1.09
2021-11-02,169.42127413749694,0.3016059758849374,1,0.6221993,169.8,171.69,168.92,170.47,7072025.0,,0.174,2.098,0.351,19.76,1.09
2021-11-03,169.78062052965163,0.3462102358104054,0,0.46583885,170.13,171.13,169.15,170.53,8402685.0,,0.174,2.098,0.351,19.76,1.09
2021-11-04,170.24957736015318,0.25819889383153866,0,0.14938682,170.0,170.2,166.4901,168.29,9574152.0,,0.174,2.098,0.351,19.76,1.09
2021-11-05,170.46747353315354,0.24005284017414472,0,0.12645817,168.9,170.09,167.41,168.05,7975570.0,,0.174,2.098,0.351,19.76,1.09
2021-11-08,170.30653961896897,0.2834182488360079,1,0.78749466,169.05,170.92,168.74,169.06,6413707.0,,0.174,2.098,0.351,19.76,1.09
2021-11-09,170.05227857112885,0.2774413072042544,0,0.21585497,167.35,168.47,166.595,167.78,7620477.0,,0.174,2.098,0.351,19.76,1.09
2021-11-10,169.60088285684586,0.35249450687966066,0,0.16646384,167.45,168.95,167.09,167.62,6999214.0,,0.174,2.098,0.351,19.76,1.09
2021-11-11,169.34821614265442,0.23293720424720385,0,0.12096949,167.52,168.68,166.9,167.61,5815267.0,,0.174,2.098,0.351,19.76,1.09
2021-11-12,169.095549428463,0.47132838955409895,0,0.16311765,167.65,167.74,165.72,166.86,7974426.0,,0.174,2.098,0.351,19.76,1.09
2021-11-15,168.80488833665848,0.13328117370612727,0,0.286211,167.21,167.785,166.0,166.56,6492463.0,,0.174,2.098,0.351,19.76,1.09
2021-11-16,168.58655841112136,0.06664060120941925,0,0.02001607,167.06,167.07,165.12,165.36,9706145.0,,0.174,2.098,0.351,19.76,1.09
2021-11-17,168.18232449293137,0.19010516357442148,0,0.4804089,165.21,165.56,163.39,164.47,9909576.0,,0.174,2.098,0.351,19.76,1.09
2021-11-18,167.58124898433684,0.31873025925685106,0,0.04204624,164.39,164.85,162.56,163.05,8123567.0,,0.174,2.098,0.351,19.76,1.09
2021-11-19,166.8457453584671,0.18667127424907856,0,0.31464735,161.3,162.11,159.45,160.92,12193634.0,,0.174,2.098,0.351,19.76,1.09
2021-11-22,165.64536452054978,0.03169665886181251,1,0.9235589,164.16,165.98,162.99,164.35,14551672.0,,0.174,2.098,0.351,19.76,1.09
2021-11-23,164.6642866206169,0.3318908667763529,1,0.99077505,165.5,168.555,165.37,168.28,12362344.0,,0.174,2.098,0.351,19.76,1.09
2021-11-24,164.87163205623625,0.43736128016810905,1,0.5982379,168.46,169.44,166.44,166.96,9629790.0,,0.174,2.098,0.351,19.76,1.09
2021-11-26,165.6811315202713,0.3956709409049227,0,0.04719978,162.14,162.65,158.82,161.93,13619276.0,,0.174,2.098,0.351,19.76,1.09
2021-11-29,165.82244106292723,0.06558115460822624,0,0.06409509,163.31,164.78,159.817,161.23,12104369.0,,0.174,2.098,0.351,19.76,1.09
2021-11-30,165.254998960495,0.34968585283033937,0,0.025603972,159.155,160.63,158.29,158.83,18922616.0,,0.174,2.098,0.351,19.76,1.09
2021-12-01,163.6283331632614,0.4414967199529973,0,0.018990759,161.0,163.27,157.8,157.89,12258685.0,,0.174,2.098,0.351,19.76,1.09
2021-12-02,161.88345807671547,0.16667149510462204,1,0.8751706,159.83,163.25,158.8,161.21,12969926.0,,0.174,2.098,0.351,19.76,1.09
2021-12-03,160.7401860356331,0.21275573707466028,0,0.13584206,161.5,161.829,157.19,158.29,12681765.0,,0.174,2.098,0.351,19.76,1.09
2021-12-06,160.09566493511198,0.31644135267365703,1,0.71402645,161.01,162.61,159.46,160.16,11186493.0,,0.174,2.098,0.351,19.76,1.09
2021-12-07,159.9720396006107,0.48984729794408827,1,0.9541755,161.88,163.39,161.16,162.57,9851554.0,,0.174,2.098,0.351,19.76,1.09
2021-12-08,160.35474415302275,0.4011727220301363,0,0.2377429,162.66,163.27,160.17,160.71,11705673.0,,0.174,2.098,0.351,19.76,1.09
2021-12-09,160.76664494037627,0.43389599549683516,0,0.22406279,159.65,160.93,158.65,160.46,11189642.0,,0.174,2.098,0.351,19.76,1.09
2021-12-10,161.0094994688034,0.6267973853340746,0,0.09893373,161.32,161.702,159.13,159.82,10405374.0,,0.174,2.098,0.351,19.76,1.09
2021-12-13,160.98139933824538,0.23645486411754044,0,0.0414531,159.5,159.79,157.2846,157.92,12068987.0,,0.174,2.098,0.351,19.76,1.09
2021-12-14,160.53456388711928,-0.011118715969146405,1,0.5538054,157.45,160.89,157.3,159.13,12563560.0,,0.174,2.098,0.351,19.76,1.09
2021-12-15,159.92093886256217,-0.0016866712910633501,0,0.17713936,159.85,159.85,157.35,157.94,14014167.0,,0.174,2.098,0.351,19.76,1.09
2021-12-16,159.2624849271774,-0.007252865152382729,1,0.92575544,160.39,161.825,158.7,160.41,19542759.0,,0.174,2.098,0.351,19.76,1.09
2021-12-17,158.99811275601385,0.12658192268790408,0,0.1230299,159.315,159.38,155.18,156.76,28138027.0,,0.174,2.098,0.351,19.76,1.09
2021-12-20,158.5938378071785,0.01695563383029568,0,0.0701999,154.51,154.7,151.84,153.94,15147982.0,,0.174,2.098,0.351,19.76,1.09
2021-12-21,158.03579758405684,0.11558634952882536,1,0.771506,155.41,157.18,155.09,156.09,11291338.0,,0.174,2.098,0.351,19.76,1.09
2021-12-22,157.46459238529204,0.2709561117495698,1,0.8438811,155.75,157.055,155.24,156.7,7272989.0,,0.174,2.098,0.351,19.76,1.09
2021-12-23,157.0326569199562,0.558838243437776,1,0.8128811,157.61,159.12,157.21,157.26,8055154.0,,0.174,2.098,0.351,19.76,1.09
2021-12-27,156.7938585639,0.3670265708288936,1,0.91396207,157.6,158.2,156.34,158.16,6189234.0,,0.174,2.098,0.351,19.76,1.09
2021-12-28,156.90638803958893,-0.13291847574525187,0,0.32094833,158.2,160.15,158.08,158.64,6342743.0,,0.174,2.098,0.351,19.76,1.09
2021-12-29,157.22301566839218,0.05584078098759164,0,0.41019621,158.85,159.63,158.15,158.56,6398927.0,,0.174,2.098,0.351,19.76,1.09
2021-12-30,157.6803784108162,0.2260268624833347,0,0.35316548,159.11,160.24,158.37,158.48,6948171.0,,0.174,2.098,0.351,19.76,1.09
2021-12-31,158.06420251369477,0.40064778020959296,0,0.32232428,158.45,159.29,157.96,158.35,5724199.0,,0.174,2.098,0.351,19.76,1.09
2022-01-03,158.24724022269248,0.6830342193635822,1,0.94074196,159.86,162.64,159.51,161.7,13128118.0,,0.174,2.098,0.351,19.76,1.09
2022-01-04,158.56896151304244,0.5632884442368506,1,0.99044317,164.31,168.58,164.23,167.83,20195802.0,,0.174,2.098,0.351,19.76,1.09
2022-01-05,160.09512567520142,0.5335882229365745,0,0.07159353,167.82,168.3589,163.73,163.78,17539410.0,,0.174,2.098,0.351,19.76,1.09
2022-01-06,161.84082723617553,0.5691091609820135,1,0.6213973,166.91,167.37,163.87,165.52,14047498.0,,0.174,2.098,0.351,19.76,1.09
2022-01-07,163.37178612232208,0.49990492199187925,1,0.9535378,165.665,167.53,165.06,167.16,13913345.0,,0.174,2.098,0.351,19.76,1.09
2022-01-10,164.62924644947051,0.7230995888795146,1,0.56085485,169.07,169.31,165.53,167.32,12922455.0,,0.174,2.098,0.351,19.76,1.09
2022-01-11,165.52065480470657,0.61036601542215,1,0.54940975,168.26,168.5246,166.31,167.49,11704529.0,,0.174,2.098,0.351,19.76,1.09
2022-01-12,166.13212865114212,0.6046582215869384,1,0.9050911,168.46,169.59,167.18,168.44,12568011.0,,0.174,2.098,0.351,19.76,1.09
2022-01-13,166.62559836149214,0.48101186583611427,0,0.35620496,168.34,169.81,167.89,168.23,13623418.0,,0.174,2.098,0.351,19.76,1.09
2022-01-14,166.98822720527647,0.4388849845073042,0,0.01040469,160.76,161.03,156.895,157.89,40158362.0,,0.174,2.098,0.351,19.76,1.09
2022-01-18,164.50626002073287,0.5126593968509072,0,0.0140221715,155.78,155.78,150.54,151.27,31450099.0,,0.174,2.098,0.351,19.76,1.09
2022-01-19,160.16437954306602,0.37335733864345955,0,0.018784445,151.57,152.23,148.55,148.93,22160010.0,,0.174,2.098,0.351,19.76,1.09
2022-01-20,156.05827873826027,0.2262534178174689,0,0.031404622,148.99,150.61,147.36,147.66,14860843.0,,0.174,2.098,0.351,19.76,1.09
2022-01-21,152.93183148384094,0.177528916911956,0,0.02719022,147.5,147.51,144.27,145.08,20705401.0,,0.174,2.098,0.351,19.76,1.09
2022-01-24,149.90424170792102,0.24392231506629738,1,0.70116717,142.28,145.48,139.57,144.95,28503121.0,,0.174,2.098,0.351,19.76,1.09
2022-01-25,147.20431387364863,0.18311823068232874,1,0.85074615,143.65,146.85,140.79,146.53,18915869.0,,0.174,2.098,0.351,19.76,1.09
2022-01-26,146.42363843798637,0.02861740340780373,1,0.78245085,148.72,150.57,145.96,147.92,20709097.0,,0.174,2.098,0.351,19.76,1.09
2022-01-27,146.66852691411972,0.011675609806999972,0,0.15553756,149.42,150.38,144.13,145.31,17544523.0,,0.174,2.098,0.351,19.76,1.09
2022-01-28,146.98884143948555,0.12700181060397528,1,0.63875467,144.19,146.76,142.17,146.61,14116969.0,,0.174,2.098,0.351,19.76,1.09
2022-01-31,147.23538579523563,0.2149221406078688,1,0.90969354,145.64,148.79,144.67,148.6,13985745.0,,0.174,2.098,0.351,19.76,1.09
2022-02-01,147.46926633536816,0.12999290043640413,1,0.9632837,148.69,151.47,148.3,151.15,14584935.0,,0.174,2.098,0.351,19.76,1.09
2022-02-02,147.75317495524882,-0.054288900328452704,1,0.65001667,150.5,150.94,148.07,149.94,12441136.0,,0.174,2.098,0.351,19.76,1.09
2022-02-03,147.88524087965487,-0.06642588498376473,0,0.10674937,150.0,151.65,148.285,148.7,12474882.0,,0.174,2.098,0.351,19.76,1.09
2022-02-04,147.99248619437216,0.08823746371989262,1,0.8967604,149.1,153.5,148.7673,152.56,16654409.0,,0.174,2.098,0.351,19.76,1.09
2022-02-07,148.41987018883228,0.29830477492052976,1,0.9443442,153.27,153.62,150.85,153.07,12572283.0,,0.174,2.098,0.351,19.76,1.09
2022-02-08,149.25430456221102,0.36536233811387814,0,0.37155116,155.0,158.48,154.8,155.95,20411387.0,,0.174,2.098,0.351,19.76,1.09
2022-02-09,150.77861648380755,0.34400570869869523,1,0.69000167,156.59,157.4305,155.82,156.6,9131135.0,,0.174,2.098,0.351,19.76,1.09
2022-02-10,152.48524221658707,0.11107960597872818,0,0.49057236,156.66,159.03,155.22,155.95,16455635.0,,0.174,2.098,0.351,19.76,1.09
2022-02-11,153.91030686855316,0.3780514498513942,0,0.14703363,155.61,158.19,152.97,153.92,16830005.0,,0.174,2.098,0.351,19.76,1.09
2022-02-14,154.2014251589775,-0.15432254937668596,0,0.19826873,152.73,153.68,150.3178,152.49,17026491.0,,0.174,2.098,0.351,19.76,1.09
2022-02-15,153.77696899414062,-0.10734437060468416,1,0.89690286,154.51,155.94,153.85,154.72,9500867.0,,0.174,2.098,0.351,19.76,1.09
2022-02-16,153.5852738189697,0.16314365110366735,1,0.6436517,153.74,156.1,153.74,155.0,9076526.0,,0.174,2.098,0.351,19.76,1.09
2022-02-17,153.58110041618346,0.4002142265472877,0,0.06880024,153.0,153.73,150.665,151.43,11367457.0,,0.174,2.098,0.351,19.76,1.09
2022-02-18,153.25769100785254,0.6937855814199417,0,0.41305897,152.13,154.14,151.13,152.14,11733315.0,,0.174,2.098,0.351,19.76,1.09
2022-02-22,152.86855050563813,0.4370500333035101,0,0.12805001,150.6,153.24,150.41,151.87,11218553.0,,0.174,2.098,0.351,19.76,1.09
2022-02-23,152.61803496956824,0.2851911092812379,0,0.024619654,153.12,153.3,147.97,148.69,11799031.0,,0.174,2.098,0.351,19.76,1.09
2022-02-24,151.99911113023757,-0.1306960460365038,1,0.56741524,142.94,144.99,139.78,144.55,25655100.0,,0.174,2.098,0.351,19.76,1.09
2022-02-25,150.03558080375194,-0.21457941064474728,1,0.8542262,145.25,150.1269,144.91,147.97,18367679.0,,0.174,2.098,0.351,19.76,1.09
2022-02-28,148.57885807812212,0.3673812175435368,0,0.088773996,143.55,145.06,140.88,141.8,31315344.0,,0.174,2.098,0.351,19.76,1.09
2022-03-01,146.1540817517042,0.24517474571021455,0,0.078571014,140.04,140.48,133.58,136.45,36840448.0,,0.174,2.098,0.351,19.76,1.09
2022-03-02,142.39393083333968,0.020216732303348157,1,0.51189715,137.29,140.04,136.6076,139.28,19405581.0,,0.174,2.098,0.351,19.76,1.09
2022-03-03,140.6141298753023,-0.02515642982590034,0,0.14738199,139.84,140.98,137.06,138.29,16640804.0,,0.174,2.098,0.351,19.76,1.09
2022-03-04,139.48860358834267,-0.32842828590516765,0,0.06999952,134.94,135.42,132.4,134.4,21020675.0,,0.174,2.098,0.351,19.76,1.09
2022-03-07,138.11269071877,-0.1442113106799002,0,0.01933139,132.17,132.69,128.9513,129.21,27560052.0,,0.174,2.098,0.351,19.76,1.09
2022-03-08,135.7569543147087,0.020885733127557624,0,0.01610988,129.64,131.79,127.27,128.3,19207816.0,,0.174,2.098,0.351,19.76,1.09
2022-03-09,133.69155954957006,0.14726420820313194,1,0.7528397,132.9,135.24,132.44,133.44,17536202.0,,0.174,2.098,0.351,19.76,1.09
2022-03-10,132.56911935329435,0.1101596279246199,1,0.82562757,131.86,133.45,130.325,131.86,15604247.0,,0.174,2.098,0.351,19.76,1.09
2022-03-11,132.26510278642178,0.15614344317850595,0,0.04485485,132.485,134.08,128.4249,128.89,20061789.0,,0.174,2.098,0.351,19.76,1.09
2022-03-14,131.87167458176611,0.3726906078021871,0,0.27535707,129.46,132.92,129.23,130.17,15786898.0,,0.174,2.098,0.351,19.76,1.09
2022-03-15,131.61015110969544,0.45741893417714663,1,0.90317684,131.8,133.55,131.13,132.48,15096604.0,,0.174,2.098,0.351,19.76,1.09
2022-03-16,131.62174812853334,0.6636433605515754,1,0.99173015,134.87,138.49,134.43,138.4,20354896.0,,0.174,2.098,0.351,19.76,1.09
2022-03-17,132.6183502662182,0.518309184225208,1,0.9879566,136.86,140.19,135.9205,140.15,17050454.0,,0.174,2.098,0.351,19.76,1.09
2022-03-18,134.4848812162876,0.4991781260310055,1,0.9654281,140.19,140.85,138.46,140.1,22981425.0,,0.174,2.098,0.351,19.76,1.09
2022-03-21,136.68397433936596,0.11655691403450076,1,0.71907085,140.35,140.76,138.7301,139.65,12407732.0,,0.174,2.098,0.351,19.76,1.09
2022-03-22,138.15212116897106,0.23004771806412663,1,0.8693112,142.27,143.93,141.7202,142.62,13298395.0,,0.174,2.098,0.351,19.76,1.09
2022-03-23,139.32300976514816,0.3993752725039438,0,0.123978436,140.98,141.585,139.1999,139.78,12093218.0,,0.174,2.098,0.351,19.76,1.09
2022-03-24,139.80659108996392,0.5004502882291922,0,0.38263562,140.3,140.71,139.11,140.69,10017625.0,,0.174,2.098,0.351,19.76,1.09
2022-03-25,139.85814609587192,0.44455767765558835,1,0.7231025,141.09,143.18,140.8,141.92,8186674.0,,0.174,2.098,0.351,19.76,1.09
2022-03-28,139.76355580449103,0.15630765654492568,0,0.33767503,140.0,140.97,137.895,140.87,10818077.0,,0.174,2.098,0.351,19.76,1.09
2022-03-29,139.6149545300007,0.30135445442655634,0,0.4835859,143.35,143.595,140.24,141.18,11316503.0,,0.174,2.098,0.351,19.76,1.09
2022-03-30,139.81387989103794,0.3085603024231564,0,0.2615661,141.9,142.12,139.91,140.54,8771027.0,,0.174,2.098,0.351,19.76,1.09
2022-03-31,139.94058545470236,0.27205326189369144,0,0.020198409,139.83,140.345,136.26,136.32,17353942.0,,0.174,2.098,0.351,19.76,1.09
2022-04-01,139.22594298124312,0.4240863380855512,0,0.10217225,137.4,137.41,133.8,135.31,15721297.0,,0.174,2.098,0.351,19.76,1.09
2022-04-04,137.94146397411822,0.3363850306458181,0,0.30423155,134.12,136.94,132.89,135.91,17422937.0,,0.174,2.098,0.351,19.76,1.09
2022-04-05,136.6852697354555,0.17133326589436662,0,0.013751042,134.07,135.4,133.01,133.34,11926484.0,,0.174,2.098,0.351,19.76,1.09
2022-04-06,135.56199720323085,0.17860261008265846,0,0.016716197,131.58,132.56,130.96,131.49,12914733.0,,0.174,2.098,0.351,19.76,1.09
2022-04-07,134.204143679142,0.016359806478576402,0,0.41818914,130.95,131.92,128.73,131.09,12994231.0,,0.174,2.098,0.351,19.76,1.09
2022-04-08,132.91133838176725,0.15881130307406874,1,0.87079114,131.67,133.9,131.49,133.49,13126938.0,,0.174,2.098,0.351,19.76,1.09
2022-04-11,132.35490421533584,0.7506966478274322,1,0.72643936,133.0,134.9,132.57,133.0,10466429.0,,0.174,2.098,0.351,19.76,1.09
2022-04-12,132.43713549017906,0.7228164451449802,0,0.1706501,132.14,134.58,130.7,131.54,12989862.0,,0.174,2.098,0.351,19.76,1.09
2022-04-13,132.53423158168792,0.520722813836524,0,0.043821283,126.94,129.25,126.01,127.3,30838027.0,,0.174,2.098,0.351,19.76,1.09
2022-04-14,131.1867588108778,0.2937154046314542,0,0.041144148,126.5,128.3,125.02,126.12,18835190.0,,0.174,2.098,0.351,19.76,1.09
2022-04-18,129.70821071267127,0.3546003152894922,1,0.61984426,125.67,129.24,125.54,128.46,11834444.0,,0.174,2.098,0.351,19.76,1.09
2022-04-19,128.74831048727034,0.28160328112114474,1,0.93363094,128.45,131.32,128.23,131.12,15015448.0,,0.174,2.098,0.351,19.76,1.09
2022-04-20,128.50625312566757,0.33895801596790076,1,0.85155076,132.52,133.51,131.34,131.58,12034940.0,,0.174,2.098,0.351,19.76,1.09
2022-04-21,128.96043892383574,0.20539179636778465,0,0.28005317,132.22,132.81,129.96,130.56,12174182.0,,0.174,2.098,0.351,19.76,1.09
2022-04-22,129.5959215593338,0.10507183516931826,0,0.032093566,130.28,130.52,126.6879,126.81,14318842.0,,0.174,2.098,0.351,19.76,1.09
2022-04-25,129.59617360472677,0.43476311613709007,0,0.48672476,126.01,127.115,123.11,126.77,17149031.0,,0.174,2.098,0.351,19.76,1.09
2022-04-26,128.96000517129897,0.5480516805595526,0,0.014100999,124.64,126.41,122.87,123.02,16842345.0,,0.174,2.098,0.351,19.76,1.09
2022-04-27,127.48607595145701,0.06134507011386076,0,0.009647533,122.33,123.56,121.22,121.42,17215247.0,,0.174,2.098,0.351,19.76,1.09
2022-04-28,125.37794483840464,0.30794114116234117,1,0.50360507,122.81,123.65,121.14,123.34,13019941.0,,0.174,2.098,0.351,19.76,1.09
2022-04-29,123.8265526908636,0.2730367560886093,0,0.023956861,123.05,123.61,118.9,119.36,14874811.0,,0.174,2.098,0.351,19.76,1.09
2022-05-02,122.26550661861896,0.00280993730052382,0,0.3080028,119.88,120.71,118.22,120.45,18544958.0,,0.174,2.098,0.351,19.76,1.09
2022-05-03,120.98308060914276,-0.05822995445077948,1,0.94263595,121.53,124.17,120.78,123.03,15720935.0,,0.174,2.098,0.351,19.76,1.09
2022-05-04,120.88213496387003,0.12467841949353871,1,0.99097204,122.8,127.4,122.74,127.1,17061624.0,,0.174,2.098,0.351,19.76,1.09
2022-05-05,122.36945482790469,0.33108148168845936,0,0.13299896,125.25,126.1,122.16,123.92,15055401.0,,0.174,2.098,0.351,19.76,1.09
2022-05-06,123.7224535474181,0.2841498732442572,0,0.2644821,123.8,124.29,121.18,123.72,14417942.0,,0.174,2.098,0.351,19.76,1.09
2022-05-09,124.46901346683501,0.2677645412004909,0,0.05701998,122.11,123.33,120.5,121.86,14312300.0,,0.174,2.098,0.351,19.76,1.09
2022-05-10,124.31755030483006,0.15461531406714737,0,0.047352027,123.11,123.78,117.56,118.89,16382441.0,,0.174,2.098,0.351,19.76,1.09
2022-05-11,123.0760406410694,0.08176136569484661,0,0.013589307,119.3,122.89,117.94,118.14,14630299.0,,0.174,2.098,0.351,19.76,1.09
2022-05-12,121.26260334610937,0.3415369779612221,0,0.46276093,117.0,118.32,115.37,118.04,16318801.0,,0.174,2.098,0.351,19.76,1.09
2022-05-13,119.34753900408744,0.2804848395649517,1,0.751831,119.41,120.25,117.96,119.09,10443203.0,,0.174,2.098,0.351,19.76,1.09
2022-05-16,118.49315494477747,0.028851836745698224,0,0.3230068,118.54,119.46,117.23,118.26,10269025.0,,0.174,2.098,0.351,19.76,1.09
2022-05-17,118.19296302020548,0.1964016849469166,1,0.9712464,121.04,122.97,120.81,122.18,11160151.0,,0.174,2.098,0.351,19.76,1.09
2022-05-18,118.78090579152106,0.13287719337568385,0,0.43340126,121.3,121.97,119.53,120.09,12664912.0,,0.174,2.098,0.351,19.76,1.09
2022-05-19,119.57244262516497,0.25197176172014063,0,0.04564227,118.19,119.65,117.63,118.31,12765769.0,,0.174,2.098,0.351,19.76,1.09
2022-05-20,119.89288756936787,0.19409887570081147,0,0.38574606,119.46,119.67,115.02,117.34,13150099.0,,0.174,2.098,0.351,19.76,1.09
2022-05-23,119.57172605425119,0.34428634124468965,1,0.9804875,120.46,126.57,120.45,124.6,24376725.0,,0.174,2.098,0.351,19.76,1.09
2022-05-24,120.05777654469011,0.2722026977301821,1,0.9710174,124.36,127.49,123.11,126.36,19324922.0,,0.174,2.098,0.351,19.76,1.09
2022-05-25,122.11856122374533,0.3472347507240059,1,0.9813492,126.28,127.86,125.17,127.24,12780385.0,,0.174,2.098,0.351,19.76,1.09
2022-05-26,124.24778941541909,0.2281261973000723,1,0.96628803,128.37,130.1939,128.21,129.44,15990944.0,,0.174,2.098,0.351,19.76,1.09
2022-05-27,126.25479464143514,0.11756409370601868,1,0.984909,130.16,131.27,129.14,131.27,11177759.0,,0.174,2.098,0.351,19.76,1.09
2022-05-31,127.94050500273703,0.04699994512822678,1,0.9681816,130.18,133.15,129.71,132.23,17015042.0,,0.174,2.098,0.351,19.76,1.09
2022-06-01,129.42098154127598,0.10655411885717617,0,0.060196385,132.87,132.87,128.67,129.91,10768023.0,,0.174,2.098,0.351,19.76,1.09
2022-06-02,130.01206608772276,-0.020605068043436484,1,0.8579116,129.9,132.01,128.67,132.0,8374794.0,,0.174,2.098,0.351,19.76,1.09
2022-06-03,130.22952850818632,-0.04917821499547436,0,0.25050837,131.21,131.77,129.99,130.16,8596022.0,,0.174,2.098,0.351,19.76,1.09
2022-06-06,130.04746381163596,-0.10549799055008208,0,0.101127736,131.09,132.39,129.46,129.73,11323459.0,,0.174,2.098,0.351,19.76,1.09
2022-06-07,129.5428454887867,0.24690613050473595,1,0.6646072,128.83,130.32,128.6159,130.07,6722167.0,,0.174,2.098,0.351,19.76,1.09
2022-06-08,129.1609029340744,0.34931021260869227,0,0.14747056,129.0,129.45,126.9,128.0,8422110.0,,0.174,2.098,0.351,19.76,1.09
2022-06-09,128.69151528179646,0.13605615335568358,0,0.018138647,127.37,128.1,125.27,125.31,13565478.0,,0.174,2.098,0.351,19.76,1.09
2022-06-10,127.68406933069228,0.0057130747499767156,0,0.013077762,122.59,123.4,119.32,119.55,12951760.0,,0.174,2.098,0.351,19.76,1.09
2022-06-13,125.70085601747034,-0.15819140508085763,0,0.021438848,116.86,117.95,115.06,115.99,16805564.0,,0.174,2.098,0.351,19.76,1.09
2022-06-14,122.33320718348025,-0.09323176327994816,0,0.019345416,115.55,117.32,113.22,114.06,13357912.0,,0.174,2.098,0.351,19.76,1.09
2022-06-15,118.76476023256778,-0.05397574248224512,0,0.29315,115.62,116.95,113.1683,115.41,14083548.0,,0.174,2.098,0.351,19.76,1.09
2022-06-16,115.83487468093632,0.30157634976795106,0,0.09939912,113.86,114.2593,111.87,113.43,16724855.0,,0.174,2.098,0.351,19.76,1.09
2022-06-17,113.8329777702689,0.599644080363737,0,0.43366775,113.54,114.63,112.16,113.03,30919865.0,,0.174,2.098,0.351,19.76,1.09
2022-06-21,112.48160122662782,0.45871073504347754,1,0.9120515,115.865,117.03,115.04,115.83,11680485.0,,0.174,2.098,0.351,19.76,1.09
2022-06-22,113.45270574897526,-0.01596168422397047,1,0.71033806,114.88,116.1999,114.39,115.18,9848572.0,,0.174,2.098,0.351,19.76,1.09
2022-06-23,114.28516478985547,-0.16247803939714078,0,0.13627778,115.01,115.18,111.48,113.92,11851541.0,,0.174,2.098,0.351,19.76,1.09
2022-06-24,114.63577751606701,-0.16405442320454403,1,0.9810223,113.23,117.82,112.83,117.32,14841090.0,,0.174,2.098,0.351,19.76,1.09
2022-06-27,115.20810666143893,0.016595103128777242,1,0.6460143,118.06,118.5,115.6417,116.38,11280485.0,,0.174,2.098,0.351,19.76,1.09
2022-06-28,115.75973877698182,0.12663690934604654,0,0.24068989,117.67,119.29,115.6,115.82,11615519.0,,0.174,2.098,0.351,19.76,1.09
2022-06-29,116.07476767599582,0.13773537598953028,0,0.30134714,116.0,116.82,114.73,115.3,9338432.0,,0.174,2.098,0.351,19.76,1.09
2022-06-30,116.03093229293822,0.2130311892109119,0,0.054560535,113.17,114.075,110.93,112.61,15172611.0,,0.174,2.098,0.351,19.76,1.09
2022-07-01,115.28292311251163,0.4338866226534189,1,0.55925953,112.65,114.415,111.16,114.05,10573577.0,,0.174,2.098,0.351,19.76,1.09
2022-07-05,114.58571719795464,0.011644800745985385,1,0.6248431,110.77,112.71,109.3,112.62,12515590.0,,0.174,2.098,0.351,19.76,1.09
2022-07-06,113.78634497642516,-0.02009055192758865,0,0.46099693,111.73,112.99,110.785,111.89,10656197.0,,0.174,2.098,0.351,19.76,1.09
2022-07-07,113.02058857649563,0.10180081134823188,1,0.98511654,113.5,114.9,113.4,114.72,10347385.0,,0.174,2.098,0.351,19.76,1.09
2022-07-08,112.91790499031542,0.17148305606838624,1,0.71977437,115.16,115.65,113.61,114.36,8807840.0,,0.174,2.098,0.351,19.76,1.09
2022-07-11,113.24489358976481,0.42506805900875605,0,0.07163145,113.55,114.23,112.215,112.86,7944573.0,,0.174,2.098,0.351,19.76,1.09
2022-07-12,113.4041628320515,0.3824978854421144,0,0.18760644,112.58,115.18,112.26,112.97,11250917.0,,0.174,2.098,0.351,19.76,1.09
2022-07-13,113.3836570343375,0.3002805665810481,0,0.3146422,111.75,112.4769,110.38,111.91,12979883.0,,0.174,2.098,0.351,19.76,1.09
2022-07-14,113.03118693873284,0.25432373389683627,0,0.0741944,107.99,108.23,106.06,108.0,26204846.0,,0.174,2.098,0.351,19.76,1.09
2022-07-15,111.3044913588464,0.023168757229795372,1,0.95102054,109.16,113.88,107.67,112.95,18863886.0,,0.174,2.098,0.351,19.76,1.09
2022-07-18,110.90117843210696,0.2648501198109373,1,0.50608015,114.77,115.8401,111.29,111.79,13977903.0,,0.174,2.098,0.351,19.76,1.09
2022-07-19,111.05897863075135,0.3039958448526298,1,0.9272387,113.13,114.935,112.67,114.56,11862269.0,,0.174,2.098,0.351,19.76,1.09
2022-07-20,111.77062220364807,0.19989034451852594,1,0.88439333,114.1,114.7389,113.48,114.54,11667540.0,,0.174,2.098,0.351,19.76,1.09
2022-07-21,112.67949862346052,-0.1345626636883212,1,0.9506063,114.44,115.53,113.37,115.32,11595860.0,,0.174,2.098,0.351,19.76,1.09
2022-07-22,113.63360620096324,0.07209688798316131,0,0.13457634,115.24,116.25,113.67,114.76,7645542.0,,0.174,2.098,0.351,19.76,1.09
2022-07-25,114.30682457447051,-0.22122832547402158,1,0.55705273,115.84,116.46,114.77,115.22,9394033.0,,0.174,2.098,0.351,19.76,1.09
2022-07-26,114.67324875295161,-0.48523381858046216,0,0.018052896,114.58,115.58,113.03,113.42,10675119.0,,0.174,2.098,0.351,19.76,1.09
2022-07-27,114.54248408615588,-0.3995962936507629,1,0.92976826,114.01,115.74,113.3,115.24,9274454.0,,0.174,2.098,0.351,19.76,1.09
2022-07-28,114.43073419272898,-0.2797287963935298,1,0.65819055,115.25,115.98,113.53,114.81,10384770.0,,0.174,2.098,0.351,19.76,1.09
2022-07-29,114.33575557559728,-0.2809344428703761,0,0.44439772,115.59,116.5,114.785,115.36,12944544.0,,0.174,2.098,0.351,19.76,1.09
2022-08-01,114.39551817595958,-0.25623641733753877,0,0.123484,114.5,115.105,113.07,114.21,14740406.0,,0.174,2.098,0.351,19.76,1.09
2022-08-02,114.34993899047373,-0.15990157077806846,0,0.0134630995,113.92,114.395,112.27,112.43,14942854.0,,0.174,2.098,0.351,19.76,1.09
2022-08-03,113.88886004388331,0.15000912530227967,1,0.75760186,113.45,114.0976,111.71,113.61,14394499.0,,0.174,2.098,0.351,19.76,1.09
2022-08-04,113.45943111136555,0.19576337185316708,0,0.22191493,112.85,113.32,111.0214,112.36,18033854.0,,0.174,2.098,0.351,19.76,1.09
2022-08-05,112.80807474493979,0.4803098124719855,1,0.98567736,112.53,116.1899,112.05,115.76,14174642.0,,0.174,2.098,0.351,19.76,1.09
2022-08-08,113.08031087890267,0.28801476043619706,0,0.2535105,116.25,116.7,114.18,114.35,10339584.0,,0.174,2.098,0.351,19.76,1.09
2022-08-09,113.52882638841866,0.16531447987986087,1,0.6798564,114.75,115.99,114.37,115.38,10233754.0,,0.174,2.098,0.351,19.76,1.09
2022-08-10,114.03237718179821,-0.03894440613558844,1,0.9498975,117.96,119.37,117.5,118.39,12847258.0,,0.174,2.098,0.351,19.76,1.09
2022-08-11,115.05798725306987,-0.043353573557642064,1,0.9193292,119.9,121.2,119.31,120.14,11684856.0,,0.174,2.098,0.351,19.76,1.09
2022-08-12,116.65751274377106,0.09979007613029373,1,0.9887594,120.67,122.25,119.44,122.13,9906716.0,,0.174,2.098,0.351,19.76,1.09
2022-08-15,118.47636168777942,0.3259239767651222,1,0.98630667,121.14,122.72,120.6,122.46,8456202.0,,0.174,2.098,0.351,19.76,1.09
2022-08-16,120.04645941346882,0.5556282004604021,1,0.95694196,122.29,124.2389,121.87,123.63,9554966.0,,0.174,2.098,0.351,19.76,1.09
2022-08-17,121.30576172351836,0.40341423310790675,0,0.09726056,122.3,123.16,121.6948,122.59,8149335.0,,0.174,2.098,0.351,19.76,1.09
2022-08-18,121.97001563370226,0.49187333910612857,0,0.13369815,122.24,122.47,120.55,121.64,9531752.0,,0.174,2.098,0.351,19.76,1.09
2022-08-19,121.98044620990751,0.5912284433448807,0,0.055482242,120.62,120.99,118.11,118.63,13464469.0,,0.174,2.098,0.351,19.76,1.09
2022-08-22,121.0142331266403,0.355454808349473,0,0.042849123,116.75,117.16,115.5,116.67,8967607.0,,0.174,2.098,0.351,19.76,1.09
2022-08-23,119.47034519106148,0.18926013782209947,0,0.013386606,116.69,117.29,115.3827,115.52,7607042.0,,0.174,2.098,0.351,19.76,1.09
2022-08-24,117.7212058481574,-0.24516239537677567,0,0.39452955,115.29,116.41,114.45,115.8,9771264.0,,0.174,2.098,0.351,19.76,1.09
2022-08-25,116.08931450515985,-0.1258151950727982,1,0.9140015,116.16,118.74,115.68,118.55,10758870.0,,0.174,2.098,0.351,19.76,1.09
2022-08-26,115.58251569658516,0.022868435681965314,0,0.013488496,119.46,119.99,114.6,114.67,11276212.0,,0.174,2.098,0.351,19.76,1.09
2022-08-29,115.35917417079209,0.2676587682593587,0,0.08770237,114.0,114.86,113.46,114.39,7785336.0,,0.174,2.098,0.351,19.76,1.09
2022-08-30,115.20919983506201,0.39644893190780345,0,0.24754205,115.0,115.58,113.36,114.41,10745404.0,,0.174,2.098,0.351,19.76,1.09
2022-08-31,114.93923870384691,0.3785065244393789,0,0.017987983,114.48,115.03,113.339,113.73,10738299.0,,0.174,2.098,0.351,19.76,1.09
2022-09-01,114.51920652180908,0.2721410044248238,1,0.796234,113.29,114.63,111.91,114.51,9979823.0,,0.174,2.098,0.351,19.76,1.09
2022-09-02,114.26849315941332,0.25435398687478206,1,0.6999759,115.87,117.45,113.185,113.71,10666594.0,,0.174,2.098,0.351,19.76,1.09
2022-09-06,113.99850858211516,0.2092037264869355,1,0.5794719,114.33,114.745,112.07,113.74,9735952.0,,0.174,2.098,0.351,19.76,1.09
2022-09-07,113.84741176515816,0.29276815056413674,1,0.9227679,113.13,116.11,112.76,115.9,10647866.0,,0.174,2.098,0.351,19.76,1.09
2022-09-08,114.16359758183359,0.08700124445973263,1,0.9910438,115.28,118.79,114.63,118.6,11434984.0,,0.174,2.098,0.351,19.76,1.09
2022-09-09,115.29400138676165,0.11382090039188748,1,0.9079547,119.14,120.05,118.67,119.17,9302228.0,,0.174,2.098,0.351,19.76,1.09
2022-09-12,116.78353983640669,-0.2129160048761583,1,0.9616561,120.62,121.55,119.79,120.58,8614630.0,,0.174,2.098,0.351,19.76,1.09
2022-09-13,118.30115643590688,0.035733008509235824,0,0.039118133,118.07,118.92,115.78,116.39,12904575.0,,0.174,2.098,0.351,19.76,1.09
2022-09-14,118.73021096378564,0.04482009946219077,0,0.06631989,116.7,117.84,114.88,116.12,9345718.0,,0.174,2.098,0.351,19.76,1.09
2022-09-15,118.27079961985348,0.010593542230928742,1,0.8825565,116.12,119.38,115.755,117.87,10821438.0,,0.174,2.098,0.351,19.76,1.09
2022-09-16,117.58332382977008,0.18855437980302844,1,0.65803546,117.39,117.4,115.37,117.08,14844136.0,,0.174,2.098,0.351,19.76,1.09
2022-09-19,116.80610376060008,0.5385449390746936,1,0.8151593,116.0,118.73,115.51,118.16,8201305.0,,0.174,2.098,0.351,19.76,1.09
2022-09-20,116.6947451236844,0.43632617046046374,0,0.04736784,117.41,117.69,114.64,115.83,9619026.0,,0.174,2.098,0.351,19.76,1.09
2022-09-21,116.4639506742358,0.5251111422629214,0,0.009653531,116.54,116.6,112.42,112.49,12606281.0,,0.174,2.098,0.351,19.76,1.09
2022-09-22,115.47538761228321,0.34613411673948286,0,0.009052535,113.38,113.6,111.07,111.21,11525303.0,,0.174,2.098,0.351,19.76,1.09
2022-09-23,113.9575438788533,0.1523572163408019,0,0.1550951,110.05,110.3399,107.16,109.14,18138572.0,,0.174,2.098,0.351,19.76,1.09
2022-09-26,111.60562039405106,0.05522306621122759,0,0.015298774,108.0,109.605,106.06,106.79,15753581.0,,0.174,2.098,0.351,19.76,1.09
2022-09-27,109.25159848481415,0.04720340185890414,0,0.05635574,107.75,108.17,104.65,105.85,12793612.0,,0.174,2.098,0.351,19.76,1.09
2022-09-28,107.30877617850898,-0.020845254350110635,1,0.7739268,105.95,108.73,105.64,107.99,12762596.0,,0.174,2.098,0.351,19.76,1.09
2022-09-29,106.31813300937412,0.043295701041445214,0,0.37240317,106.95,107.28,104.398,106.16,12713926.0,,0.174,2.098,0.351,19.76,1.09
2022-09-30,105.88388004526495,0.10476307544673484,0,0.010019349,106.06,107.62,104.4,104.5,15973415.0,,0.174,2.098,0.351,19.76,1.09
2022-10-03,105.4029276125133,0.48735238230515965,1,0.94823486,105.62,108.36,104.46,107.73,12248137.0,,0.174,2.098,0.351,19.76,1.09
2022-10-04,105.77227375909685,0.3512644169431345,1,0.99323213,110.61,112.99,109.86,112.77,16013586.0,,0.174,2.098,0.351,19.76,1.09
2022-10-05,107.7068408460915,0.40466996062844107,0,0.16977166,109.75,110.95,108.83,110.39,10943502.0,,0.174,2.098,0.351,19.76,1.09
2022-10-06,109.46317374035715,0.2950930631758612,0,0.09831763,109.46,110.19,107.94,108.14,11521415.0,,0.174,2.098,0.351,19.76,1.09
2022-10-07,110.14272548705338,0.37818767745914894,0,0.05368268,107.52,107.71,105.265,105.98,11681088.0,,0.174,2.098,0.351,19.76,1.09
2022-10-10,109.61924185961483,0.34489891860986227,0,0.011295351,106.73,107.31,104.52,104.99,8931729.0,,0.174,2.098,0.351,19.76,1.09
2022-10-11,108.32511845275758,0.35295093913549686,0,0.009958767,104.37,104.54,101.85,101.96,12739700.0,,0.174,2.098,0.351,19.76,1.09
2022-10-12,106.08263615489004,0.11045715900939261,1,0.5551809,101.8,104.73,101.28,103.61,13180960.0,,0.174,2.098,0.351,19.76,1.09
2022-10-13,104.09389616027472,0.002176117943926951,1,0.99229056,101.98,109.9,101.76,109.37,22398706.0,,0.174,2.098,0.351,19.76,1.09
2022-10-14,104.09925359025596,-0.13613923196439176,1,0.5686356,111.962,115.24,110.724,111.19,33420141.0,,0.174,2.098,0.351,19.76,1.09
2022-10-17,107.2359951405227,0.20555891430631057,1,0.9718723,115.41,117.01,114.32,115.86,22276272.0,,0.174,2.098,0.351,19.76,1.09
2022-10-18,111.84107841596006,0.20176601499666097,1,0.97608995,119.66,120.14,116.96,118.84,21539680.0,,0.174,2.098,0.351,19.76,1.09
2022-10-19,115.94541710108517,0.2520195387312881,1,0.66938275,117.99,118.83,115.6701,116.51,17072035.0,,0.174,2.098,0.351,19.76,1.09
2022-10-20,117.83601692080497,0.18248355718519219,0,0.2698211,117.16,118.71,115.65,116.13,12207437.0,,0.174,2.098,0.351,19.76,1.09
2022-10-21,118.13168668210506,0.4572100047219855,1,0.9936848,116.46,122.39,116.33,122.23,20593310.0,,0.174,2.098,0.351,19.76,1.09
2022-10-24,118.55401951104402,0.31980978312884173,1,0.9647652,122.07,123.1,121.33,122.38,12624177.0,,0.174,2.098,0.351,19.76,1.09
2022-10-25,119.25191122353075,0.2103911523906813,1,0.9369679,121.85,123.2707,120.89,122.7,11289101.0,,0.174,2.098,0.351,19.76,1.09
2022-10-26,119.96110980957745,0.0885394525673734,1,0.7026232,123.0,125.2,122.88,124.11,11671494.0,,0.174,2.098,0.351,19.76,1.09
2022-10-27,120.72438092470168,0.05615692465636815,1,0.74131083,125.2,126.2,124.21,124.6,10727612.0,,0.174,2.098,0.351,19.76,1.09
2022-10-28,121.4900303518772,0.07909589207419887,1,0.98697585,125.29,126.28,124.05,126.08,11859472.0,,0.174,2.098,0.351,19.76,1.09
2022-10-31,122.41620631754397,0.3611032501666126,0,0.39769098,125.7,127.43,125.59,125.88,13295173.0,,0.174,2.098,0.351,19.76,1.09
2022-11-01,123.2028605043888,0.5914296674725913,1,0.98160076,126.87,128.28,126.33,128.15,13386945.0,,0.174,2.098,0.351,19.76,1.09
2022-11-02,124.11676537632941,0.5051632001765428,0,0.04732234,127.65,130.36,126.64,126.97,16546085.0,,0.174,2.098,0.351,19.76,1.09
2022-11-03,124.81557148605584,0.42711388469322,0,0.055617347,126.31,128.18,125.91,127.2,12474358.0,,0.174,2.098,0.351,19.76,1.09
2022-11-04,125.26140315175056,0.25836636188430434,1,0.9964335,129.49,130.83,128.46,130.68,14354353.0,,0.174,2.098,0.351,19.76,1.09
2022-11-07,126.08845787048338,0.021512535950295113,1,0.9664336,131.0,132.29,130.4816,131.37,12011157.0,,0.174,2.098,0.351,19.76,1.09
2022-11-08,127.14753209650516,0.0020612553114224496,1,0.6421831,131.24,132.06,130.14,131.45,9884053.0,,0.174,2.098,0.351,19.76,1.09
2022-11-09,128.2384519648552,0.13290215612405223,0,0.104826696,131.32,131.43,129.22,129.74,9493961.0,,0.174,2.098,0.351,19.76,1.09
2022-11-10,128.82116332888603,0.32725845784558605,1,0.9909469,132.63,135.25,132.53,135.08,16351589.0,,0.174,2.098,0.351,19.76,1.09
2022-11-11,129.92307941019533,0.42267699231559774,1,0.95260334,135.19,136.17,133.7805,135.3,10704664.0,,0.174,2.098,0.351,19.76,1.09
2022-11-14,131.45337301373482,0.3429180450435192,0,0.13543212,134.8,135.73,133.91,133.91,11085604.0,,0.174,2.098,0.351,19.76,1.09
2022-11-15,132.44537385761737,0.44961056912129727,0,0.09369714,134.68,135.71,131.6,132.94,14038346.0,,0.174,2.098,0.351,19.76,1.09
2022-11-16,132.81773575663564,0.330176851352431,0,0.41420782,133.0,133.56,132.03,133.12,7893359.0,,0.174,2.098,0.351,19.76,1.09
2022-11-17,132.84930883824825,0.4867983566213736,0,0.42519942,132.0,132.89,131.28,132.54,8824558.0,,0.174,2.098,0.351,19.76,1.09
2022-11-18,132.5670590287447,0.6472120301302744,1,0.836555,134.57,134.67,132.28,133.84,9468537.0,,0.174,2.098,0.351,19.76,1.09
2022-11-21,132.38053957641122,0.5487469298938167,0,0.30044293,133.74,134.56,132.75,133.05,7800517.0,,0.174,2.098,0.351,19.76,1.09
2022-11-22,132.30707420587538,0.18940642346726075,1,0.9869565,134.0,135.27,133.69,135.04,9185670.0,,0.174,2.098,0.351,19.76,1.09
2022-11-23,132.6245312398672,0.05358153407535228,1,0.9927441,134.94,136.5,134.86,136.48,7316204.0,,0.174,2.098,0.351,19.76,1.09
2022-11-25,133.41300249814987,0.5434594095878916,1,0.9588973,136.48,137.14,136.055,136.74,3220496.0,,0.174,2.098,0.351,19.76,1.09
2022-11-28,134.32122755646705,0.5460473328181923,0,0.04951222,136.07,136.71,134.19,134.35,9907551.0,,0.174,2.098,0.351,19.76,1.09
2022-11-29,134.79115739941597,0.22158743176885995,1,0.96669453,134.66,136.64,134.41,136.56,7925322.0,,0.174,2.098,0.351,19.76,1.09
2022-11-30,135.1538595122099,0.04786098629958779,1,0.9963689,136.09,138.18,133.19,138.18,14761248.0,,0.174,2.098,0.351,19.76,1.09
2022-12-01,135.61028734207153,-0.15980239442637867,0,0.14385763,138.18,138.66,135.43,136.24,8858472.0,,0.174,2.098,0.351,19.76,1.09
2022-12-02,135.9945891588926,0.16138226221203997,0,0.022665482,134.49,135.35,133.34,135.16,8932057.0,,0.174,2.098,0.351,19.76,1.09
2022-12-05,135.97264655590055,0.18237795152870728,0,0.042974364,134.24,134.57,130.6,131.37,10154531.0,,0.174,2.098,0.351,19.76,1.09
2022-12-06,135.0732665324211,0.12457247294818465,0,0.15394765,133.39,135.11,129.87,131.59,13966691.0,,0.174,2.098,0.351,19.76,1.09
2022-12-07,133.539224486351,-0.03963025284710707,0,0.35566804,131.31,133.08,130.33,131.5,11739425.0,,0.174,2.098,0.351,19.76,1.09
2022-12-08,132.19374463260172,-0.04197959701325414,1,0.86167777,132.33,132.98,131.43,132.88,8907257.0,,0.174,2.098,0.351,19.76,1.09
2022-12-09,131.68191956996915,0.03382777695152592,0,0.36509386,132.2,133.76,132.0,132.16,7957818.0,,0.174,2.098,0.351,19.76,1.09
2022-12-12,131.59106013655662,0.09013134538400588,1,0.85578716,132.4,134.65,131.6,134.21,8841631.0,,0.174,2.098,0.351,19.76,1.09
2022-12-13,132.03343790113925,0.11880285606891441,0,0.35002255,136.885,137.09,133.08,134.08,10025383.0,,0.174,2.098,0.351,19.76,1.09
2022-12-14,132.70504215836525,0.12373079128431556,0,0.11848498,133.78,135.71,132.76,133.41,9966115.0,,0.174,2.098,0.351,19.76,1.09
2022-12-15,133.24395623922348,0.05872718083883755,0,0.057682358,131.145,132.08,129.05,130.1,12090286.0,,0.174,2.098,0.351,19.76,1.09
2022-12-16,132.98643032431602,0.03805902334684836,0,0.094689906,129.15,129.9,128.425,129.29,21133707.0,,0.174,2.098,0.351,19.76,1.09
2022-12-19,131.65607026338577,-0.07216557598338191,0,0.44078016,129.65,131.33,129.09,130.06,9017156.0,,0.174,2.098,0.351,19.76,1.09
2022-12-20,130.71489759683607,-0.12128774608466415,1,0.55863005,130.97,132.05,130.2,130.69,8549927.0,,0.174,2.098,0.351,19.76,1.09
2022-12-21,130.1556499004364,-0.08109348366856249,1,0.95949066,132.18,132.98,131.77,132.16,8051704.0,,0.174,2.098,0.351,19.76,1.09
2022-12-22,130.15149408221242,0.07252229209225505,0,0.09924643,131.1,131.3,128.41,130.66,8651131.0,,0.174,2.098,0.351,19.76,1.09
2022-12-23,130.33413613855836,0.29893823809063386,0,0.40958604,130.58,131.44,129.64,131.28,5091905.0,,0.174,2.098,0.351,19.76,1.09
2022-12-27,130.6714314895868,0.2559680440936859,1,0.8109267,131.57,132.22,130.55,131.74,5410991.0,,0.174,2.098,0.351,19.76,1.09
2022-12-28,131.059683971405,-0.1925938515010633,1,0.93382275,131.85,133.41,131.01,132.46,8827738.0,,0.174,2.098,0.351,19.76,1.09
2022-12-29,131.43817115962503,-0.13460334219804684,1,0.98377925,132.93,133.27,132.31,133.22,6585228.0,,0.174,2.098,0.351,19.76,1.09
2022-12-30,131.86727257966993,-0.3657100985872874,1,0.96945524,132.81,134.33,132.44,134.1,9292519.0,,0.174,2.098,0.351,19.76,1.09
2023-01-03,132.4190907984972,0.29901985970339096,0,0.330286,135.24,136.74,133.89,135.12,11054778.0,,0.174,2.098,0.351,19.76,1.09
2023-01-04,133.09816849470138,0.20989581977698107,1,0.7136158,135.99,137.68,135.57,136.38,11687643.0,,0.174,2.098,0.351,19.76,1.09
2023-01-05,134.00086613893507,0.04460738944444919,0,0.122928046,135.66,135.71,133.7004,135.35,8381265.0,,0.174,2.098,0.351,19.76,1.09
2023-01-06,134.6593259358406,0.2633362128955594,1,0.97776186,136.125,138.38,134.49,137.94,10029076.0,,0.174,2.098,0.351,19.76,1.09
2023-01-09,135.3920336163044,0.087180173691445,1,0.5483202,138.6,138.88,136.88,137.37,8482297.0,,0.174,2.098,0.351,19.76,1.09
2023-01-10,135.9913916993141,0.32809662442555526,1,0.9731444,137.79,138.72,137.31,138.6,9048665.0,,0.174,2.098,0.351,19.76,1.09
2023-01-11,136.59647062659263,0.3285820017109111,1,0.98919314,138.9,139.75,138.1,139.63,8703698.0,,0.174,2.098,0.351,19.76,1.09
2023-01-12,137.2616770339012,0.2988513867433848,0,0.48905057,140.0,140.86,139.22,139.49,11001666.0,,0.174,2.098,0.351,19.76,1.09
2023-01-13,137.8603815573454,0.32200196097867007,1,0.9669467,135.6,143.49,134.8,143.01,20200047.0,,0.174,2.098,0.351,19.76,1.09
2023-01-17,139.00053820014,0.4463826338430207,0,0.13293597,141.17,141.54,139.225,140.8,14292881.0,,0.174,2.098,0.351,19.76,1.09
2023-01-18,139.968896600008,0.2617244387571343,0,0.04093645,138.92,140.73,136.41,136.57,13392601.0,,0.174,2.098,0.351,19.76,1.09
2023-01-19,139.84121509313582,0.20725384220504922,0,0.032706805,135.32,135.9,133.59,134.75,13303371.0,,0.174,2.098,0.351,19.76,1.09
2023-01-20,138.5439784860611,0.232071769729634,0,0.29012382,135.16,135.49,133.55,135.08,13092492.0,,0.174,2.098,0.351,19.76,1.09
2023-01-23,136.8167377847433,-0.328913168258662,1,0.7232752,135.115,137.96,134.82,137.27,10487128.0,,0.174,2.098,0.351,19.76,1.09
2023-01-24,135.7535018789768,-0.3716949389028752,1,0.86306536,140.29,140.29,135.0,138.45,6944991.0,,0.174,2.098,0.351,19.76,1.09
2023-01-25,135.75124519348142,-0.2468905205240364,1,0.80901915,138.05,139.12,137.25,139.12,8967007.0,,0.174,2.098,0.351,19.76,1.09
2023-01-26,136.40498646616933,-0.057635079342345935,1,0.97892785,139.42,140.06,138.36,139.98,7487631.0,,0.174,2.098,0.351,19.76,1.09
2023-01-27,137.40289572298525,0.08303506283709329,1,0.8100596,140.61,141.255,139.7499,140.32,7489946.0,,0.174,2.098,0.351,19.76,1.09
2023-01-30,138.40334594905374,0.34615007135041514,0,0.21787374,139.23,140.09,138.91,139.13,6729255.0,,0.174,2.098,0.351,19.76,1.09
2023-01-31,139.01125306010246,-0.07594478094012942,1,0.6207357,139.88,140.07,138.25,139.96,9188738.0,,0.174,2.098,0.351,19.76,1.09
2023-02-01,139.3045342516899,-0.07774238231816405,0,0.25380638,138.21,140.875,138.12,139.59,8841846.0,,0.174,2.098,0.351,19.76,1.09
2023-02-02,139.33285712003706,0.19278537739860255,0,0.21577702,140.0,140.46,138.0,138.94,11822064.0,,0.174,2.098,0.351,19.76,1.09
2023-02-03,139.0928864598274,0.14757234231328956,1,0.88112974,138.18,142.33,138.13,141.09,11501232.0,,0.174,2.098,0.351,19.76,1.09
2023-02-06,139.13969656467438,0.053785746581464386,1,0.9687773,140.23,142.24,140.0313,141.92,8406231.0,,0.174,2.098,0.351,19.76,1.09
2023-02-07,139.6172581076622,0.005237450457449692,1,0.9350111,141.38,144.34,141.18,143.65,10447888.0,,0.174,2.098,0.351,19.76,1.09
2023-02-08,140.55026274502276,0.003007425953380031,0,0.13500264,142.65,144.04,142.2763,142.64,6957965.0,,0.174,2.098,0.351,19.76,1.09
2023-02-09,141.4187554848194,0.0022771278416257703,0,0.062347814,143.12,143.34,139.87,140.42,6443109.0,,0.174,2.098,0.351,19.76,1.09
2023-02-10,141.73086681187152,0.10880711068623442,0,0.38631713,139.78,141.28,138.59,141.04,6582853.0,,0.174,2.098,0.351,19.76,1.09
2023-02-13,141.613328666687,0.04290411238254516,1,0.92627287,141.3,142.73,140.74,142.57,7134607.0,,0.174,2.098,0.351,19.76,1.09
2023-02-14,141.42269442677497,0.02145205619127258,1,0.93472195,142.5,143.81,141.595,143.2,9249399.0,,0.174,2.098,0.351,19.76,1.09
2023-02-15,141.44582691848277,0.11111052765748894,1,0.9890856,141.61,143.89,141.3,143.8,6731172.0,,0.174,2.098,0.351,19.76,1.09
2023-02-16,141.86426330149172,0.4219822994766116,0,0.04659915,142.91,143.39,141.676,141.82,8165306.0,,0.174,2.098,0.351,19.76,1.09
2023-02-17,142.16419731914996,0.4442196395947411,0,0.11091377,140.98,142.83,140.07,142.24,7948829.0,,0.174,2.098,0.351,19.76,1.09
2023-02-21,142.3075466710329,-0.016070704010688133,0,0.044204902,140.69,141.34,138.75,139.63,9996283.0,,0.174,2.098,0.351,19.76,1.09
2023-02-22,141.90634608983993,0.3158555263603017,0,0.11810781,138.92,139.43,137.435,138.56,11107501.0,,0.174,2.098,0.351,19.76,1.09
2023-02-23,140.96764405429363,0.2785799640885286,1,0.62885165,138.73,140.17,137.94,139.67,8068010.0,,0.174,2.098,0.351,19.76,1.09
2023-02-24,140.15458664715288,0.22763861163180016,1,0.82708895,139.11,141.36,138.93,140.93,9126888.0,,0.174,2.098,0.351,19.76,1.09
2023-02-27,139.7780747914314,0.34088311755911505,1,0.80458564,142.11,143.31,141.7201,142.16,10014654.0,,0.174,2.098,0.351,19.76,1.09
2023-02-28,140.04502017021179,0.23534344150928999,1,0.9752576,142.94,143.76,141.9001,143.35,11019757.0,,0.174,2.098,0.351,19.76,1.09
2023-03-01,140.89476776659487,0.0348258715889969,1,0.5117079,142.1,143.4583,141.8,142.55,7139155.0,,0.174,2.098,0.351,19.76,1.09
2023-03-02,141.71621594071388,-0.03173717004168526,0,0.059732415,142.24,142.43,139.54,141.07,11107549.0,,0.174,2.098,0.351,19.76,1.09
2023-03-03,142.03927658855915,0.09324677856390319,1,0.9933553,141.51,143.74,141.08,143.66,9513063.0,,0.174,2.098,0.351,19.76,1.09
2023-03-06,142.3047390025854,-0.11568253717372988,1,0.6227446,143.44,144.04,142.66,142.82,9261255.0,,0.174,2.098,0.351,19.76,1.09
2023-03-07,142.42645348131654,0.023884154357738094,0,0.016226893,142.01,142.31,137.81,138.62,11747620.0,,0.174,2.098,0.351,19.76,1.09
2023-03-08,141.82292785704135,-0.1378694348304321,0,0.049927287,138.0,138.59,136.885,137.8,10002548.0,,0.174,2.098,0.351,19.76,1.09
2023-03-09,140.70582750618456,0.06720787997153935,0,0.012798006,136.76,137.35,129.215,130.34,25888097.0,,0.174,2.098,0.351,19.76,1.09
2023-03-10,137.29179645836354,-0.03188858893354715,1,0.6620081,128.96,135.26,127.82,133.65,37599655.0,,0.174,2.098,0.351,19.76,1.09
2023-03-13,132.98547782719135,-0.04670125718442235,0,0.18574797,131.21,133.88,129.41,131.25,42901132.0,,0.174,2.098,0.351,19.76,1.09
2023-03-14,130.9871242058277,-0.13909853269375644,1,0.8432246,135.28,135.53,131.29,134.62,29648116.0,,0.174,2.098,0.351,19.76,1.09
2023-03-15,132.18647341609,-0.1445296666466908,0,0.10503236,130.98,130.99,126.73,128.26,34280607.0,,0.174,2.098,0.351,19.76,1.09
2023-03-16,132.05404993891716,-0.208694294187857,1,0.5133058,128.01,131.95,126.02,130.75,24570587.0,,0.174,2.098,0.351,19.76,1.09
2023-03-17,131.71092237472533,-0.07959084650445399,0,0.016881904,128.38,128.48,125.45,125.81,38395982.0,,0.174,2.098,0.351,19.76,1.09
2023-03-20,130.01822068452833,-0.010715143783942909,0,0.11644872,126.99,129.47,126.01,127.14,22875505.0,,0.174,2.098,0.351,19.76,1.09
2023-03-21,128.98955895900724,0.16742788892620875,1,0.9700113,130.59,131.73,130.19,130.55,17807808.0,,0.174,2.098,0.351,19.76,1.09
2023-03-22,128.71481482684612,0.18668937627611143,0,0.13446206,130.56,130.655,127.08,127.18,17250168.0,,0.174,2.098,0.351,19.76,1.09
2023-03-23,128.53230465471742,0.0947904113102416,0,0.07300255,127.9,129.53,126.02,126.84,16677640.0,,0.174,2.098,0.351,19.76,1.09
2023-03-24,128.361974722743,0.13446878842443435,0,0.121079884,125.63,125.68,123.11,124.91,22326916.0,,0.174,2.098,0.351,19.76,1.09
2023-03-27,127.92998357295988,-0.08684929204785495,1,0.93079,126.79,129.38,126.29,128.49,18853935.0,,0.174,2.098,0.351,19.76,1.09
2023-03-28,127.7946527814865,-0.04411130832201819,1,0.90696245,128.71,129.3417,127.744,128.88,10820466.0,,0.174,2.098,0.351,19.76,1.09
2023-03-29,127.9741384088993,0.051218757310651716,1,0.8612316,130.1,130.22,127.77,129.14,14595260.0,,0.174,2.098,0.351,19.76,1.09
2023-03-30,128.2880961149931,0.18524031006266187,1,0.67364556,129.95,130.12,127.65,128.75,12134675.0,,0.174,2.098,0.351,19.76,1.09
2023-03-31,128.62996052145957,0.29364774638764496,1,0.98669946,129.66,130.34,128.8514,130.31,13105215.0,,0.174,2.098,0.351,19.76,1.09
2023-04-03,129.09671342015264,0.4779386398019823,0,0.1737663,129.91,131.44,129.41,130.16,11775388.0,,0.174,2.098,0.351,19.76,1.09
2023-04-04,129.65004684209822,0.5610557872709133,0,0.055538993,130.5,130.59,127.41,128.42,11579916.0,,0.174,2.098,0.351,19.76,1.09
2023-04-05,130.00893603563307,0.34841467471180904,0,0.16974789,126.8,128.15,126.46,127.61,9614692.0,,0.174,2.098,0.351,19.76,1.09
2023-04-06,130.01064173817633,0.2576410599131781,0,0.24720241,127.0,128.08,126.8553,127.47,8760220.0,,0.174,2.098,0.351,19.76,1.09
2023-04-10,129.63235677242278,-0.3578228896109382,1,0.5066898,126.54,128.23,126.22,127.89,9477292.0,,0.174,2.098,0.351,19.76,1.09
2023-04-11,128.8083441829681,-0.31346997510196445,1,0.8511766,128.3,128.94,127.54,128.52,10516267.0,,0.174,2.098,0.351,19.76,1.09
2023-04-12,128.29261241674422,-0.17277921950414046,0,0.32681224,129.18,130.43,128.0603,128.5,11820995.0,,0.174,2.098,0.351,19.76,1.09
2023-04-13,128.04920104384422,-0.12544173754930388,0,0.45228896,128.46,129.04,126.83,128.99,12450242.0,,0.174,2.098,0.351,19.76,1.09
2023-04-14,128.23722983777523,0.013254794528421578,1,0.99548197,135.15,139.12,134.9001,138.73,43931328.0,,0.174,2.098,0.351,19.76,1.09
2023-04-17,131.47120962142944,0.15626400529829612,1,0.9880058,139.95,140.06,137.66,139.83,15961327.0,,0.174,2.098,0.351,19.76,1.09
2023-04-18,135.5324053156376,0.18287741779328695,1,0.9853219,140.27,141.78,139.03,141.4,13760139.0,,0.174,2.098,0.351,19.76,1.09
2023-04-19,138.36264061808586,0.10218707327720408,1,0.97441465,141.23,141.5,140.4,141.22,9158112.0,,0.174,2.098,0.351,19.76,1.09
2023-04-20,139.73819593489168,0.04995647657270157,1,0.7167692,139.91,141.43,139.84,140.81,10586245.0,,0.174,2.098,0.351,19.76,1.09
2023-04-21,140.2107927697897,0.04837995829284856,0,0.18039535,139.74,141.11,138.78,140.54,11842537.0,,0.174,2.098,0.351,19.76,1.09
2023-04-24,140.04362512826918,-0.11846484906825276,1,0.5322428,140.455,141.1,140.04,140.73,7567666.0,,0.174,2.098,0.351,19.76,1.09
2023-04-25,139.7893054652214,0.002840057044501195,0,0.027851935,139.6,139.96,137.625,137.67,10629325.0,,0.174,2.098,0.351,19.76,1.09
2023-04-26,139.1391162741184,0.23721737049903993,0,0.14612061,137.62,137.8093,134.0,135.23,14238908.0,,0.174,2.098,0.351,19.76,1.09
2023-04-27,137.89456887722014,0.16352354256025833,1,0.6706806,136.0,137.91,135.66,137.05,9041092.0,,0.174,2.098,0.351,19.76,1.09
2023-04-28,137.01546385407445,0.260758490034732,1,0.80072,136.56,138.32,135.67,138.24,9887262.0,,0.174,2.098,0.351,19.76,1.09
2023-05-01,136.67936425328253,-0.15480296639918414,1,0.7859397,142.26,143.37,140.83,141.2,20415762.0,,0.174,2.098,0.351,19.76,1.09
2023-05-02,137.27712507188318,0.010337057692846522,0,0.09327344,141.4,142.41,138.43,138.92,14113447.0,,0.174,2.098,0.351,19.76,1.09
2023-05-03,138.1819651019573,-0.08901403542052654,0,0.012010881,138.44,138.6687,135.76,135.98,12930906.0,,0.174,2.098,0.351,19.76,1.09
2023-05-04,138.37259934186935,-0.1931310905853806,0,0.11913505,134.96,135.72,131.81,134.12,17089164.0,,0.174,2.098,0.351,19.76,1.09
2023-05-05,137.51360812723635,-0.29611168456734693,1,0.80197173,136.44,137.88,135.912,136.74,11261394.0,,0.174,2.098,0.351,19.76,1.09
2023-05-08,136.68892439365385,-0.04953634105569694,1,0.8004968,137.49,137.97,136.475,137.07,7484872.0,,0.174,2.098,0.351,19.76,1.09
2023-05-09,136.289130577445,-0.19117891437466555,0,0.4787687,135.93,136.95,135.21,136.41,7343573.0,,0.174,2.098,0.351,19.76,1.09
2023-05-10,136.17378464102745,-0.027689260487682353,1,0.7913711,137.95,138.06,134.87,136.48,8133416.0,,0.174,2.098,0.351,19.76,1.09
2023-05-11,136.27212337493896,-0.2802409111889745,0,0.06878607,135.0,136.81,134.9,136.05,7057277.0,,0.174,2.098,0.351,19.76,1.09
2023-05-12,136.3938730227947,-0.33403915225512965,0,0.06745797,136.82,136.99,133.13,134.1,9988598.0,,0.174,2.098,0.351,19.76,1.09
2023-05-15,136.07640719652176,0.06729578644940387,1,0.76931626,134.27,135.67,133.96,135.23,7639451.0,,0.174,2.098,0.351,19.76,1.09
2023-05-16,135.82455523371695,0.11639924806531866,0,0.23088352,135.46,135.9382,133.96,134.32,6483267.0,,0.174,2.098,0.351,19.76,1.09
2023-05-17,135.50659117817878,0.18414502599560395,1,0.99446905,135.9,138.5899,135.46,138.45,12711522.0,,0.174,2.098,0.351,19.76,1.09
2023-05-18,135.61784284234045,0.10584804362698366,1,0.9920128,138.27,139.73,137.76,139.5,10999607.0,,0.174,2.098,0.351,19.76,1.09
2023-05-19,136.44728906154631,0.14440883147906555,0,0.434816,139.79,140.49,138.125,139.18,13492239.0,,0.174,2.098,0.351,19.76,1.09
2023-05-22,137.52672914147377,0.19668460824423217,0,0.093113095,141.0,141.64,137.66,138.03,11402476.0,,0.174,2.098,0.351,19.76,1.09
2023-05-23,138.2008450603485,0.26290621188389035,0,0.042457506,137.54,139.03,136.455,136.59,9514897.0,,0.174,2.098,0.351,19.76,1.09
2023-05-24,138.2137345445156,0.4429538416511004,0,0.022256857,135.4,136.35,135.08,135.34,8577997.0,,0.174,2.098,0.351,19.76,1.09
2023-05-25,137.66169651865957,0.004492666197507825,0,0.40621242,134.82,136.27,134.58,135.67,8472505.0,,0.174,2.098,0.351,19.76,1.09
2023-05-26,136.83824663519857,0.1293833592971205,1,0.8206517,136.11,137.6,135.63,136.94,8579941.0,,0.174,2.098,0.351,19.76,1.09
2023-05-30,136.2197565484047,0.2112234362356706,1,0.8864335,136.8,137.72,136.02,137.46,7399867.0,,0.174,2.098,0.351,19.76,1.09
2023-05-31,136.0641536873579,0.1590771977468087,0,0.087595314,136.73,136.84,134.4044,135.71,13750897.0,,0.174,2.098,0.351,19.76,1.09
2023-06-01,135.993522362113,0.21348769827340686,1,0.8613657,136.52,138.23,135.445,137.58,12248094.0,,0.174,2.098,0.351,19.76,1.09
2023-06-02,136.3000945520401,0.08200908868765504,1,0.9471251,139.56,141.48,139.34,140.47,12922471.0,,0.174,2.098,0.351,19.76,1.09
2023-06-05,137.27559814572334,0.07163713547414678,0,0.29675505,140.11,140.11,138.13,139.09,8511900.0,,0.174,2.098,0.351,19.76,1.09
2023-06-06,138.13224768280983,0.15031786741150688,0,0.45958176,138.68,140.1,138.2066,139.34,9329541.0,,0.174,2.098,0.351,19.76,1.09
2023-06-07,138.68268551349638,0.21985968257738747,1,0.9444092,139.55,141.27,138.83,140.69,9281389.0,,0.174,2.098,0.351,19.76,1.09
2023-06-08,139.11330799818037,0.15208934958441325,1,0.7676746,140.67,140.89,139.4807,140.73,7370043.0,,0.174,2.098,0.351,19.76,1.09
2023-06-09,139.45602818667888,0.2751320158524635,1,0.71267796,140.35,141.8,140.21,141.01,7253946.0,,0.174,2.098,0.351,19.76,1.09
2023-06-12,139.7401448905468,0.4954797417194578,1,0.69657665,141.07,141.32,139.76,141.0,7600196.0,,0.174,2.098,0.351,19.76,1.09
2023-06-13,140.01835318148136,0.4351434970386645,1,0.83115155,140.48,142.87,140.14,142.02,7701567.0,,0.174,2.098,0.351,19.76,1.09
2023-06-14,140.37884257018564,0.46256885792642904,0,0.09025562,143.0,143.61,140.7,141.49,9068729.0,,0.174,2.098,0.351,19.76,1.09
2023-06-15,140.70958474099635,0.2121782635115304,1,0.9511243,140.59,143.4,140.03,143.09,9343096.0,,0.174,2.098,0.351,19.76,1.09
2023-06-16,141.15028904139996,0.22374587096461382,1,0.9439296,143.05,143.965,142.5,143.26,13813512.0,,0.174,2.098,0.351,19.76,1.09
2023-06-20,141.6337062436342,0.6231072940452262,0,0.2078669,142.61,143.0,141.04,142.53,8431008.0,,0.174,2.098,0.351,19.76,1.09
2023-06-21,142.01999804675577,0.557135554839127,0,0.21773575,142.9,144.02,141.691,142.32,9926459.0,,0.174,2.098,0.351,19.76,1.09
2023-06-22,142.15924140334127,0.38337364940116864,0,0.019514257,142.31,142.6,138.95,139.58,10076325.0,,0.174,2.098,0.351,19.76,1.09
2023-06-23,141.73000809907913,0.23705258518578598,0,0.13020267,138.54,139.18,137.62,138.85,9919539.0,,0.174,2.098,0.351,19.76,1.09
2023-06-26,140.87596107721328,0.4910604975272553,0,0.36329246,138.87,140.01,137.69,139.19,8429727.0,,0.174,2.098,0.351,19.76,1.09
2023-06-27,140.02338529706,0.4708858922581853,0,0.30428156,139.0,139.84,138.54,139.2,8154024.0,,0.174,2.098,0.351,19.76,1.09
2023-06-28,139.40263266324996,0.5104222290632474,0,0.17434154,139.16,139.21,137.96,138.59,7558644.0,,0.174,2.098,0.351,19.76,1.09
2023-06-29,139.0122817569971,0.4068127415382498,1,0.9947089,140.07,143.56,139.85,143.43,15423230.0,,0.174,2.098,0.351,19.76,1.09
2023-06-30,139.51060773730276,0.31731690534329354,1,0.9830173,144.6,146.0,143.66,145.44,14212816.0,,0.174,2.098,0.351,19.76,1.09
2023-07-03,141.1399112188816,0.11051836978245723,1,0.9561017,146.19,147.48,146.0,146.61,8021622.0,,0.174,2.098,0.351,19.76,1.09
2023-07-05,142.97518560945986,0.12651558226429813,0,0.09031509,144.94,145.43,144.36,144.64,8935519.0,,0.174,2.098,0.351,19.76,1.09
2023-07-06,144.16082765340803,0.13351802713096286,0,0.14502741,143.02,143.39,141.4401,143.21,9714100.0,,0.174,2.098,0.351,19.76,1.09
2023-07-07,144.48604534089563,0.4055502017041796,1,0.5570474,143.91,145.8436,143.0,144.34,8981456.0,,0.174,2.098,0.351,19.76,1.09
2023-07-10,144.31708114326,0.30501325158201253,1,0.8874021,144.5,145.99,144.5,145.15,9100060.0,,0.174,2.098,0.351,19.76,1.09
2023-07-11,144.06456389784813,0.34035890608578867,1,0.99167645,146.335,147.82,145.705,147.42,11265592.0,,0.174,2.098,0.351,19.76,1.09
2023-07-12,144.2611593043804,0.2043081154604746,1,0.85510576,147.45,149.87,147.0,148.15,11323228.0,,0.174,2.098,0.351,19.76,1.09
2023-07-13,145.05249391555785,0.12205608969086328,1,0.75559324,148.7,149.37,147.75,148.87,11234925.0,,0.174,2.098,0.351,19.76,1.09
2023-07-14,146.16295316338537,0.2612534655418132,0,0.40968555,151.55,152.89,148.41,149.77,27028429.0,,0.174,2.098,0.351,19.76,1.09
2023-07-17,147.56778384566306,0.3177958978152576,1,0.9847991,150.35,153.75,150.35,153.38,17262394.0,,0.174,2.098,0.351,19.76,1.09
2023-07-18,149.46810646295546,0.263152970567689,1,0.9725503,153.38,154.4,152.82,153.66,13491725.0,,0.174,2.098,0.351,19.76,1.09
2023-07-19,151.08821321845053,0.2809908786983667,1,0.8068208,152.75,155.205,152.22,154.25,12510000.0,,0.174,2.098,0.351,19.76,1.09
2023-07-20,152.18255328416822,0.29786147019512693,1,0.9735637,154.53,156.59,154.41,156.15,9935907.0,,0.174,2.098,0.351,19.76,1.09
2023-07-21,153.03968346595764,0.05738051232383089,0,0.3238834,155.8,156.14,154.69,154.95,10636378.0,,0.174,2.098,0.351,19.76,1.09
2023-07-24,153.56138226032257,0.6472187351592935,1,0.9229167,154.97,158.785,154.73,158.0,14381425.0,,0.174,2.098,0.351,19.76,1.09
2023-07-25,154.22784303307532,0.6297177872865584,1,0.6075131,157.3,157.7198,155.96,156.82,9944679.0,,0.174,2.098,0.351,19.76,1.09
2023-07-26,154.87572278499601,0.682469464744638,1,0.8679641,156.71,158.25,156.275,157.76,8728593.0,,0.174,2.098,0.351,19.76,1.09
2023-07-27,155.5064458656311,0.5658702371244487,0,0.13868774,157.77,158.78,155.5538,156.02,10778406.0,,0.174,2.098,0.351,19.76,1.09
2023-07-28,155.8078862941265,0.34014860730913926,0,0.40550244,157.28,157.6,156.4401,156.91,9105974.0,,0.174,2.098,0.351,19.76,1.09
2023-07-31,155.99097675681114,0.15619414885944607,1,0.84974855,157.18,159.38,157.151,157.96,8894353.0,,0.174,2.098,0.351,19.76,1.09
2023-08-01,156.2227940416336,-0.24437762189513493,0,0.09888753,157.43,158.0,156.15,157.18,6855682.0,,0.174,2.098,0.351,19.76,1.09
2023-08-02,156.397883528471,-0.22220627337553592,0,0.04738454,155.56,155.69,153.94,155.4,8303708.0,,0.174,2.098,0.351,19.76,1.09
2023-08-03,156.37813606500626,-0.3015155469125733,1,0.5754755,155.0,156.92,154.35,156.35,6087542.0,,0.174,2.098,0.351,19.76,1.09
2023-08-04,156.364595952034,-0.21405278877075654,0,0.41465548,156.4,157.8,155.695,156.02,6209397.0,,0.174,2.098,0.351,19.76,1.09
2023-08-07,156.3416539597511,0.3881360570605753,1,0.8803333,156.6,157.7,156.6,156.76,7251832.0,,0.174,2.098,0.351,19.76,1.09
2023-08-08,156.4011718416214,0.3252117599070219,0,0.4530836,154.32,155.98,152.59,155.88,8623379.0,,0.174,2.098,0.351,19.76,1.09
2023-08-09,156.45173331975937,0.22482317030760474,0,0.027655173,155.32,155.52,153.47,153.79,6277813.0,,0.174,2.098,0.351,19.76,1.09
2023-08-10,156.2804479598999,-0.18820769282786312,0,0.121329725,154.38,155.44,153.09,153.56,5995076.0,,0.174,2.098,0.351,19.76,1.09
2023-08-11,155.79259358644484,-0.28717332606598023,1,0.61695296,153.03,154.52,152.63,154.45,5180690.0,,0.174,2.098,0.351,19.76,1.09
2023-08-14,155.4847816848755,0.003996625200712723,1,0.91908056,153.61,154.9178,152.92,154.77,5044282.0,,0.174,2.098,0.351,19.76,1.09
2023-08-15,155.25591274499894,0.16208887447118644,0,0.03288187,152.85,153.2664,150.2301,150.83,10300303.0,,0.174,2.098,0.351,19.76,1.09
2023-08-16,154.69010600686073,-0.06815841483873337,0,0.050478276,150.6,150.96,149.68,150.19,6978235.0,,0.174,2.098,0.351,19.76,1.09
2023-08-17,153.94276797056196,-0.17749152360381265,0,0.015228464,150.88,151.2622,148.4,148.63,9953912.0,,0.174,2.098,0.351,19.76,1.09
2023-08-18,152.79980659008027,-0.09315299146163668,1,0.50158453,147.65,149.5,147.4437,148.97,8517460.0,,0.174,2.098,0.351,19.76,1.09
2023-08-21,151.67779428482055,0.01813996312007981,1,0.64725447,149.65,150.105,148.02,149.48,8327018.0,,0.174,2.098,0.351,19.76,1.09
2023-08-22,150.8227976965904,0.03732616261435164,0,0.04157684,149.26,149.6394,145.85,146.38,9681972.0,,0.174,2.098,0.351,19.76,1.09
2023-08-23,149.9660309290886,0.006881790628597676,0,0.45113218,146.35,147.585,145.46,147.37,7858021.0,,0.174,2.098,0.351,19.76,1.09
2023-08-24,149.25623007178305,0.20582690268460585,0,0.345265,147.5,149.41,146.9875,147.23,6534026.0,,0.174,2.098,0.351,19.76,1.09
2023-08-25,148.778032553792,0.3097793334135686,0,0.42974612,147.28,148.6199,145.85,147.05,6695537.0,,0.174,2.098,0.351,19.76,1.09
2023-08-28,148.41573488593102,0.07289457582847775,1,0.7210366,147.57,148.61,147.13,147.56,5094201.0,,0.174,2.098,0.351,19.76,1.09
2023-08-29,148.22375249624253,0.028157882007606834,1,0.95005935,147.71,148.85,147.18,148.76,6336962.0,,0.174,2.098,0.351,19.76,1.09
2023-08-30,148.26472159564494,0.29070587994781616,1,0.5384275,148.62,149.15,147.19,148.16,6277318.0,,0.174,2.098,0.351,19.76,1.09
2023-08-31,148.42243753492832,0.3247452072374044,0,0.0439397,148.26,148.35,145.96,146.33,10933938.0,,0.174,2.098,0.351,19.76,1.09
2023-09-01,148.27519906401633,0.2356546156663389,0,0.49739343,146.09,148.08,145.7,146.82,7903496.0,,0.174,2.098,0.351,19.76,1.09
2023-09-05,147.9890689277649,0.0005433369644937378,0,0.013268873,147.16,148.2099,145.01,145.2,7854739.0,,0.174,2.098,0.351,19.76,1.09
2023-09-06,147.41844695031642,-0.0685611798334929,0,0.31516117,144.7,145.54,144.11,144.96,8629164.0,,0.174,2.098,0.351,19.76,1.09
2023-09-07,146.69719561219213,0.27848398175035105,0,0.020109517,144.13,145.2683,143.39,143.72,8373738.0,,0.174,2.098,0.351,19.76,1.09
2023-09-08,145.9189849460125,0.23754246337325952,1,0.5182308,143.37,144.12,142.65,143.83,7110254.0,,0.174,2.098,0.351,19.76,1.09
2023-09-11,145.26329764842987,0.0728194605729349,1,0.5434471,144.75,145.05,143.69,144.46,6854220.0,,0.174,2.098,0.351,19.76,1.09
2023-09-12,144.8589845997095,0.1768318692624553,1,0.9394806,144.5,147.32,144.05,146.34,8363165.0,,0.174,2.098,0.351,19.76,1.09
2023-09-13,144.88514456689356,0.14039672340058168,1,0.7572828,147.34,147.7,145.82,146.41,8325914.0,,0.174,2.098,0.351,19.76,1.09
2023-09-14,145.32308516025543,-0.07511285078696636,1,0.97541535,147.84,149.895,147.52,149.25,10034931.0,,0.174,2.098,0.351,19.76,1.09
2023-09-15,146.2399266541004,0.09057121785795477,1,0.777873,148.92,149.7256,148.31,148.81,19863383.0,,0.174,2.098,0.351,19.76,1.09
2023-09-18,147.33361609101294,0.270074457295694,1,0.89128625,148.16,149.14,147.75,149.12,6512360.0,,0.174,2.098,0.351,19.76,1.09
2023-09-19,148.18053550362586,0.20765582789077036,1,0.5483359,149.5,149.72,147.21,148.93,7945606.0,,0.174,2.098,0.351,19.76,1.09
2023-09-20,148.58304027318954,0.44253323045929405,0,0.10288415,149.65,150.25,148.135,148.3,7334257.0,,0.174,2.098,0.351,19.76,1.09
2023-09-21,148.6197861468792,0.36451870879671255,0,0.07869013,147.58,148.855,146.63,147.14,8053410.0,,0.174,2.098,0.351,19.76,1.09
2023-09-22,148.27231812655924,0.07668037598491442,0,0.042898502,147.29,147.51,145.19,145.73,7071975.0,,0.174,2.098,0.351,19.76,1.09
2023-09-25,147.65798971951006,-0.03781303333833138,1,0.68447286,145.35,146.52,143.7,146.45,7044672.0,,0.174,2.098,0.351,19.76,1.09
2023-09-26,147.09179905176163,0.03490055314404635,0,0.10050168,144.6,145.84,144.23,144.93,7468405.0,,0.174,2.098,0.351,19.76,1.09
2023-09-27,146.53985187947748,0.20862906219390417,1,0.56866527,145.19,146.09,144.5115,145.78,6717822.0,,0.174,2.098,0.351,19.76,1.09
2023-09-28,146.18529141902923,0.2167185983418601,1,0.897564,146.28,148.87,146.01,147.59,8868063.0,,0.174,2.098,0.351,19.76,1.09
2023-09-29,146.2083770185709,0.16257064035830787,0,0.02899953,148.6,148.76,144.86,145.02,11917826.0,,0.174,2.098,0.351,19.76,1.09
2023-10-02,146.21247129082678,0.07097285679214384,0,0.04904277,144.83,145.6223,142.63,143.77,9170644.0,,0.174,2.098,0.351,19.76,1.09
2023-10-03,145.93307897269725,0.37166031490405105,0,0.015111903,143.2,143.59,142.355,142.71,9431118.0,,0.174,2.098,0.351,19.76,1.09
2023-10-04,145.28164127767084,0.44815840716125305,1,0.5209171,143.19,143.47,141.93,143.35,8128748.0,,0.174,2.098,0.351,19.76,1.09
2023-10-05,144.5633031153679,0.4145912345048177,0,0.30310217,142.04,143.1,140.83,142.9,8576237.0,,0.174,2.098,0.351,19.76,1.09
2023-10-06,143.9305402255058,0.46630870643322725,1,0.960486,142.91,145.88,142.14,145.1,10270621.0,,0.174,2.098,0.351,19.76,1.09
2023-10-09,143.75832288384436,0.0006995975370883774,1,0.704196,143.66,145.395,143.5005,144.77,6964907.0,,0.174,2.098,0.351,19.76,1.09
2023-10-10,144.03480495691298,0.11303399857432869,1,0.8046587,145.42,146.77,145.28,145.65,11288769.0,,0.174,2.098,0.351,19.76,1.09
2023-10-11,144.53337712109087,0.15751726704750907,1,0.8162283,146.51,147.23,145.02,146.15,8698175.0,,0.174,2.098,0.351,19.76,1.09
2023-10-12,145.14003865897655,0.036023010716134195,0,0.46114132,146.3,146.96,145.13,145.81,10484436.0,,0.174,2.098,0.351,19.76,1.09
2023-10-13,145.49658324420452,-0.04441578070802253,0,0.10891869,148.5,153.11,147.84,148.0,29487199.0,,0.174,2.098,0.351,19.76,1.09
2023-10-16,145.92761017382145,0.032301211822560856,0,0.26665527,149.45,149.52,146.72,147.85,12663461.0,,0.174,2.098,0.351,19.76,1.09
2023-10-17,146.6853494787216,0.12892347109220229,1,0.59471405,147.57,149.31,146.79,147.53,11482739.0,,0.174,2.098,0.351,19.76,1.09
2023-10-18,147.14342732667922,0.10768788795659763,0,0.05166536,146.59,147.48,145.37,145.91,9620257.0,,0.174,2.098,0.351,19.76,1.09
2023-10-19,147.0637165057659,0.048267672443508304,0,0.02846904,145.48,147.02,144.88,145.29,11143631.0,,0.174,2.098,0.351,19.76,1.09
2023-10-20,146.55641653716563,-0.04104228466812531,0,0.029847184,144.57,145.14,142.12,142.95,13332867.0,,0.174,2.098,0.351,19.76,1.09
2023-10-23,145.56436880111693,0.006750655665018879,0,0.020021813,142.94,143.68,140.73,141.0,10133410.0,,0.174,2.098,0.351,19.76,1.09
2023-10-24,144.3559430259466,0.3408737797443527,0,0.10534962,141.19,141.73,140.36,141.17,8881354.0,,0.174,2.098,0.351,19.76,1.09
2023-10-25,143.26732087373733,0.12441874292905657,0,0.10015221,140.57,141.18,139.51,140.4,8242565.0,,0.174,2.098,0.351,19.76,1.09
2023-10-26,142.36601534068583,0.30159998057879206,1,0.5467586,139.76,141.665,139.43,140.76,9109431.0,,0.174,2.098,0.351,19.76,1.09
2023-10-27,141.69868706285953,0.22066132527895324,0,0.02087301,138.95,139.1,135.19,135.69,17434717.0,,0.174,2.098,0.351,19.76,1.09
2023-10-30,140.46637559056282,-9.309853095868329e-05,1,0.5475909,136.44,138.04,136.04,137.42,9855540.0,,0.174,2.098,0.351,19.76,1.09
2023-10-31,139.50353288173673,0.2125395540286465,1,0.9005264,137.71,139.24,137.4728,139.06,9672460.0,,0.174,2.098,0.351,19.76,1.09
2023-11-01,138.99187487244606,0.5022843961970267,1,0.62614423,139.25,140.53,138.47,138.94,9432048.0,,0.174,2.098,0.351,19.76,1.09
2023-11-02,138.8488537657261,0.46361945682426037,1,0.978815,140.09,141.48,139.23,141.42,10186175.0,,0.174,2.098,0.351,19.76,1.09
2023-11-03,139.26444731116294,0.37878505183346434,1,0.9465424,142.19,143.77,141.85,143.0,9538719.0,,0.174,2.098,0.351,19.76,1.09
2023-11-06,140.18094883680342,0.319643730569482,1,0.9861515,143.17,144.19,142.79,144.08,7625063.0,,0.174,2.098,0.351,19.76,1.09
2023-11-07,141.34416763305663,0.425992517804149,1,0.9756634,143.51,144.2612,142.82,144.01,6297915.0,,0.174,2.098,0.351,19.76,1.09
2023-11-08,142.35889359295368,0.18556263463504397,1,0.9824011,144.11,144.84,143.62,144.72,7618169.0,,0.174,2.098,0.351,19.76,1.09
2023-11-09,143.15785111188887,0.3051487131430374,0,0.1594395,145.44,145.6499,143.7,144.29,7992477.0,,0.174,2.098,0.351,19.76,1.09
2023-11-10,143.53695375978947,0.17358744583000066,1,0.989488,144.94,146.48,144.0765,146.43,7983935.0,,0.174,2.098,0.351,19.76,1.09
2023-11-13,143.90889949083328,-0.052892777559901884,1,0.747724,145.7,146.25,145.16,145.78,6676364.0,,0.174,2.098,0.351,19.76,1.09
2023-11-14,144.31178232848643,-0.0608771506170241,1,0.892927,146.68,149.25,146.52,148.44,9927723.0,,0.174,2.098,0.351,19.76,1.09
2023-11-15,144.98538829505443,-0.03999286776341049,1,0.9743673,148.46,150.16,148.46,149.74,8365296.0,,0.174,2.098,0.351,19.76,1.09
2023-11-16,146.0076873397827,-0.01829141805023685,1,0.9853748,150.09,151.525,150.09,151.45,8126188.0,,0.174,2.098,0.351,19.76,1.09
2023-11-17,147.302001978755,0.17902678289096016,1,0.9853956,152.2,152.86,151.54,152.82,7814064.0,,0.174,2.098,0.351,19.76,1.09
2023-11-20,148.76481482446192,0.1303451422229564,1,0.96694726,152.08,153.75,151.92,153.29,7020349.0,,0.174,2.098,0.351,19.76,1.09
2023-11-21,150.08467983245848,0.2695421882725594,1,0.5369436,153.2,153.63,152.57,152.97,7083506.0,,0.174,2.098,0.351,19.76,1.09
2023-11-22,151.01999097824097,0.268915388938985,1,0.83321494,153.41,153.88,152.9,153.33,5175135.0,,0.174,2.098,0.351,19.76,1.09
2023-11-24,151.58220460414884,0.644762207280341,0,0.29694918,153.59,154.438,153.275,153.54,3496941.0,,0.174,2.098,0.351,19.76,1.09
2023-11-27,151.85288377165793,0.549028856395363,0,0.11548728,153.43,153.53,152.71,153.19,6259116.0,,0.174,2.098,0.351,19.76,1.09
2023-11-28,152.17040821313856,0.6734546952278682,0,0.48216122,153.22,153.87,152.72,153.54,6582937.0,,0.174,2.098,0.351,19.76,1.09
2023-11-29,152.35006968617438,0.482093519163035,1,0.6592471,154.17,155.625,154.0,154.32,9126053.0,,0.174,2.098,0.351,19.76,1.09
2023-11-30,152.63158680558203,0.3562887213181218,1,0.99391043,154.91,156.13,154.381,156.08,9869790.0,,0.174,2.098,0.351,19.76,1.09
2023-12-01,153.29449549674987,0.1466450725052634,1,0.8848852,155.82,157.86,155.82,156.84,8916001.0,,0.174,2.098,0.351,19.76,1.09
2023-12-04,154.24162346839904,0.08079814781848285,1,0.98046756,156.02,158.05,155.88,157.99,9607465.0,,0.174,2.098,0.351,19.76,1.09
2023-12-05,155.33086401104927,0.19783911080751065,1,0.7974765,157.26,158.5,156.97,157.97,9135597.0,,0.174,2.098,0.351,19.76,1.09
2023-12-06,156.26159730911255,0.14729368046379193,0,0.088013135,158.84,159.22,156.0,156.31,9282393.0,,0.174,2.098,0.351,19.76,1.09
2023-12-07,156.67348051190376,0.12019504651497101,0,0.15160558,156.69,157.31,156.15,156.79,8130874.0,,0.174,2.098,0.351,19.76,1.09
2023-12-08,156.74378945350645,0.14024569423025374,1,0.97934204,157.26,158.78,156.98,158.52,7369370.0,,0.174,2.098,0.351,19.76,1.09
2023-12-11,156.87989396572112,0.24137467975941854,1,0.987518,158.52,159.3,158.15,159.1,8093908.0,,0.174,2.098,0.351,19.76,1.09
2023-12-12,157.20757056117057,0.009197138129770455,1,0.9809776,159.23,160.645,158.88,160.52,10222978.0,,0.174,2.098,0.351,19.76,1.09
2023-12-13,157.86031537532804,0.22057106732938164,1,0.6853697,160.52,162.03,159.77,161.06,12379098.0,,0.174,2.098,0.351,19.76,1.09
2023-12-14,158.77354617238043,0.2853461491326796,1,0.7881594,161.83,164.8399,161.705,163.99,13642990.0,,0.174,2.098,0.351,19.76,1.09
2023-12-15,160.11341948151588,0.2773579423342631,1,0.98387235,163.08,165.28,162.39,165.23,20309348.0,,0.174,2.098,0.351,19.76,1.09
2023-12-18,161.8372048163414,0.3085423914962211,1,0.8534719,165.92,167.13,165.63,166.23,8469608.0,,0.174,2.098,0.351,19.76,1.09
2023-12-19,163.3160078907013,0.30515268256746975,1,0.9829413,166.0,168.47,165.55,168.45,9267002.0,,0.174,2.098,0.351,19.76,1.09
2023-12-20,164.63658507347105,0.22216942006995816,0,0.16358091,167.99,169.41,166.45,166.55,10734709.0,,0.174,2.098,0.351,19.76,1.09
2023-12-21,165.46852243900298,0.2884142591597278,1,0.7915021,166.84,168.09,165.675,167.5,7601678.0,,0.174,2.098,0.351,19.76,1.09
2023-12-22,165.97982289552687,0.3120732215963415,1,0.59801555,167.5,168.23,167.23,167.4,6576322.0,,0.174,2.098,0.351,19.76,1.09
2023-12-26,166.2803665113449,0.2897219062428226,1,0.9693757,167.46,168.765,167.18,168.39,4683605.0,,0.174,2.098,0.351,19.76,1.09
2023-12-27,166.63117852926254,0.03300983074429645,1,0.9940883,167.84,169.47,167.58,169.4,5678572.0,,0.174,2.098,0.351,19.76,1.09
2023-12-28,167.10974825382232,0.13306234066293685,1,0.9759167,169.35,170.66,168.995,170.3,6320129.0,,0.174,2.098,0.351,19.76,1.09
2023-12-29,167.77798506736755,0.4063571383458017,1,0.6573829,170.0,170.69,169.63,170.1,6435102.0,,0.174,2.098,0.351,19.76,1.09
2024-01-02,168.470992667675,0.2692647518878618,1,0.984806,169.09,172.17,168.91,172.08,9977424.0,,0.174,2.098,0.351,19.76,1.09
2024-01-03,169.25369325876235,0.32575535922030985,1,0.6918508,171.86,172.04,170.37,171.33,9852335.0,,0.174,2.098,0.351,19.76,1.09
2024-01-04,169.95395742177962,0.3925046271899139,0,0.2540215,170.64,173.35,170.54,171.41,11972545.0,,0.174,2.098,0.351,19.76,1.09
2024-01-05,170.48673449039458,0.4623812618275404,1,0.92963284,171.47,173.38,171.47,172.27,10038385.0,,0.174,2.098,0.351,19.76,1.09
2024-01-08,170.9909893989563,0.17789650174265087,1,0.8680887,172.02,172.36,169.485,172.02,11229916.0,,0.174,2.098,0.351,19.76,1.09
2024-01-09,171.38541113138197,0.24489153955914997,0,0.24820217,171.62,171.79,170.095,170.66,9923630.0,,0.174,2.098,0.351,19.76,1.09
2024-01-10,171.51291093111038,0.16384739200213272,0,0.4994898,170.0,171.08,168.95,171.02,9670218.0,,0.174,2.098,0.351,19.76,1.09
2024-01-11,171.49537326097487,0.11477861025458287,1,0.5821168,170.33,170.36,168.6401,170.3,11919498.0,,0.174,2.098,0.351,19.76,1.09
2024-01-12,171.31497909784315,0.07821669415181458,0,0.017840533,173.8,176.31,168.9,169.05,19436504.0,,0.174,2.098,0.351,19.76,1.09
2024-01-16,170.7482872700691,0.09266529629127399,0,0.4140095,164.87,168.09,164.3,167.99,17206420.0,,0.174,2.098,0.351,19.76,1.09
2024-01-17,170.0319977092743,-0.07265464039397489,0,0.23367414,167.34,169.07,166.49,167.09,11107466.0,,0.174,2.098,0.351,19.76,1.09
2024-01-18,169.53572619199753,0.06532874392425825,0,0.26435524,167.12,167.53,165.24,167.42,9382255.0,,0.174,2.098,0.351,19.76,1.09
2024-01-19,169.04914963006973,0.060755278226236754,1,0.84166414,167.55,170.57,167.08,170.31,13115664.0,,0.174,2.098,0.351,19.76,1.09
2024-01-22,168.8556022143364,0.16855944665539635,1,0.9035628,170.46,171.9803,169.71,170.11,12837505.0,,0.174,2.098,0.351,19.76,1.09
2024-01-23,169.07760145187376,0.08673198041852463,0,0.42875528,169.67,169.75,168.44,168.99,8360829.0,,0.174,2.098,0.351,19.76,1.09
2024-01-24,169.36995066165923,0.08645906251483634,1,0.8959932,169.36,171.01,168.8627,170.5,9620140.0,,0.174,2.098,0.351,19.76,1.09
2024-01-25,169.71299030303953,0.3517042985142691,1,0.9943065,172.31,172.99,170.905,172.94,8873481.0,,0.174,2.098,0.351,19.76,1.09
2024-01-26,170.24444266796112,0.2700398651304833,1,0.7960847,172.61,173.06,171.78,172.28,7442955.0,,0.174,2.098,0.351,19.76,1.09
2024-01-29,170.7951794362068,0.06657009972915906,1,0.966954,172.24,172.84,171.3,172.73,6971192.0,,0.174,2.098,0.351,19.76,1.09
2024-01-30,171.27836803913115,0.25002358223767357,1,0.9780017,172.83,176.7603,172.83,176.27,10822075.0,,0.174,2.098,0.351,19.76,1.09
2024-01-31,171.9569328522682,0.4003095168042863,0,0.14613345,176.2,178.3,174.34,174.36,11521820.0,,0.174,2.098,0.351,19.76,1.09
2024-02-01,172.62572064876557,0.6407525945833326,0,0.14915437,173.64,174.84,171.43,173.73,9354798.0,,0.174,2.098,0.351,19.76,1.09
2024-02-02,173.13824030160904,0.4846912876374348,1,0.86104125,173.3,175.8162,173.26,174.73,8607839.0,,0.174,2.098,0.351,19.76,1.09
2024-02-05,173.59567338228226,0.5536049898284988,1,0.7402913,173.86,175.09,172.92,174.5,7820160.0,,0.174,2.098,0.351,19.76,1.09
2024-02-06,173.9473060131073,0.36549228792591687,1,0.6592063,174.61,175.87,173.76,175.1,6765684.0,,0.174,2.098,0.351,19.76,1.09
2024-02-07,174.3099934720993,0.1479674046416935,1,0.98201776,175.69,175.87,173.96,175.43,7225478.0,,0.174,2.098,0.351,19.76,1.09
2024-02-08,174.7046262192726,0.15295589400472115,0,0.3428997,175.0,175.3058,173.57,174.8,6060285.0,,0.174,2.098,0.351,19.76,1.09
2024-02-09,175.01276636600494,0.08670642916702075,0,0.46451008,175.0,175.1,173.6731,175.01,6296729.0,,0.174,2.098,0.351,19.76,1.09
2024-02-12,175.18273874521256,0.6809396135734371,1,0.7382065,174.78,176.808,173.7,175.79,8539316.0,,0.174,2.098,0.351,19.76,1.09
2024-02-13,175.4415717792511,0.6726553221890635,0,0.15831222,175.32,176.2299,172.615,174.26,8397631.0,,0.174,2.098,0.351,19.76,1.09
2024-02-14,175.62208317279814,0.4874790730522651,1,0.9612797,175.07,176.1,174.42,176.03,7056664.0,,0.174,2.098,0.351,19.76,1.09
2024-02-15,175.80987457513808,0.4671348117534906,1,0.9908208,176.15,180.21,176.15,179.87,8723390.0,,0.174,2.098,0.351,19.76,1.09
2024-02-16,176.36126783370972,0.4340450945478104,1,0.5495529,179.61,179.98,178.16,179.03,8152647.0,,0.174,2.098,0.351,19.76,1.09
2024-02-20,177.12265593528747,0.1310526507755781,1,0.96902585,179.19,180.46,178.405,179.73,9667959.0,,0.174,2.098,0.351,19.76,1.09
2024-02-21,177.99487367153168,0.27326235410478095,1,0.9874949,179.95,180.99,178.52,180.9,7027857.0,,0.174,2.098,0.351,19.76,1.09
2024-02-22,178.83599017858504,0.3429089346670675,1,0.97494304,181.82,183.42,181.24,183.07,9296459.0,,0.174,2.098,0.351,19.76,1.09
2024-02-23,179.81203889369965,0.07429066550129751,1,0.82509637,183.81,185.2,183.19,183.99,7105833.0,,0.174,2.098,0.351,19.76,1.09
2024-02-26,180.8800665926933,0.17838532630754847,0,0.25401726,183.75,184.46,182.48,183.36,7145391.0,,0.174,2.098,0.351,19.76,1.09
2024-02-27,181.8094458794594,0.326104487395815,1,0.92128056,183.31,183.54,182.24,183.45,5717065.0,,0.174,2.098,0.351,19.76,1.09
2024-02-28,182.46292338371276,0.38182512309546807,1,0.94857854,183.43,185.2,182.96,184.38,6131608.0,,0.174,2.098,0.351,19.76,1.09
2024-02-29,182.98088252782821,0.059297504551786694,1,0.98452944,185.66,186.43,183.85,186.06,9643012.0,,0.174,2.098,0.351,19.76,1.09
2024-03-01,183.63256640672682,0.01596662289628723,1,0.57786447,185.7,186.44,185.1,185.29,6311996.0,,0.174,2.098,0.351,19.76,1.09
2024-03-04,184.30461320877075,0.32914460928081485,1,0.88768536,184.71,187.59,184.27,186.68,7063605.0,,0.174,2.098,0.351,19.76,1.09
2024-03-05,185.04091400146484,0.2860246492985255,1,0.9557383,186.36,189.3,186.36,188.55,6617832.0,,0.174,2.098,0.351,19.76,1.09
2024-03-06,185.93558136224746,0.40143219433557237,1,0.9686595,189.25,190.07,187.63,189.53,7572891.0,,0.174,2.098,0.351,19.76,1.09
2024-03-07,186.93406797885893,0.38828791983888905,0,0.27633458,189.91,190.5,186.63,187.87,7618277.0,,0.174,2.098,0.351,19.76,1.09
2024-03-08,187.72006274461745,0.4325404289042666,1,0.5355,188.44,190.455,187.92,188.22,6172199.0,,0.174,2.098,0.351,19.76,1.09
2024-03-11,188.2348449444771,-0.017521459120001144,1,0.61494464,187.28,188.44,186.22,188.29,5728082.0,,0.174,2.098,0.351,19.76,1.09
2024-03-12,188.53058211326598,0.09215391378662031,1,0.9815724,188.95,190.16,187.91,189.84,5503976.0,,0.174,2.098,0.351,19.76,1.09
2024-03-13,188.89736091375352,0.2873186888179201,1,0.98989785,190.36,191.73,189.84,191.38,7719367.0,,0.174,2.098,0.351,19.76,1.09
2024-03-14,189.51509486436842,0.1720396465368951,0,0.03045254,191.03,191.63,187.103,187.97,10243134.0,,0.174,2.098,0.351,19.76,1.09
2024-03-15,189.8756604528427,0.1644234659226375,1,0.9405364,186.48,190.94,186.48,190.3,17214229.0,,0.174,2.098,0.351,19.76,1.09
2024-03-18,190.11694409370423,0.2520572098728265,1,0.9950617,190.63,192.7,189.89,192.66,9013843.0,,0.174,2.098,0.351,19.76,1.09
2024-03-19,190.79430143356322,0.3658269576804047,1,0.9892518,192.71,193.93,192.38,193.79,8478717.0,,0.174,2.098,0.351,19.76,1.09
2024-03-20,191.7767743754387,0.2853616930158921,1,0.98610896,194.19,196.56,193.61,196.33,9367043.0,,0.174,2.098,0.351,19.76,1.09
2024-03-21,192.95309953212737,0.3009400365927447,1,0.97538155,196.52,199.43,196.33,199.06,11203796.0,,0.174,2.098,0.351,19.76,1.09
2024-03-22,194.47170233249665,0.339921348814492,0,0.21250208,199.01,200.48,196.54,196.62,8108840.0,,0.174,2.098,0.351,19.76,1.09
2024-03-25,195.63761742830278,0.22231021379204535,0,0.15005791,196.6,196.94,194.36,194.82,8620015.0,,0.174,2.098,0.351,19.76,1.09
2024-03-26,196.2369930958748,0.16500044732395877,1,0.64996856,194.59,196.66,194.0554,195.73,5961484.0,,0.174,2.098,0.351,19.76,1.09
2024-03-27,196.478007106781,0.24431851705440796,1,0.9869444,196.5,199.6,196.38,199.52,8725757.0,,0.174,2.098,0.351,19.76,1.09
2024-03-28,196.86686039447784,0.16227661699561846,1,0.9898078,199.49,200.72,198.54,200.3,8628313.0,,0.174,2.098,0.351,19.76,1.09
2024-04-01,197.69829366922377,0.3258545130298867,0,0.171646,199.99,200.94,198.565,198.94,6215356.0,,0.174,2.098,0.351,19.76,1.09
